Timestamp,Value,SystemStateCode,DigitalStateName
2023-12-01T12:04:47.9120635Z,18.736475,,
2023-12-01T12:29:15.9281768Z,19.236662,,
2023-12-01T12:53:44.517517Z,19.737614,,
2023-12-01T13:18:14.2126312Z,20.238379,,
2023-12-01T13:42:41.5545501Z,20.73861,,
2023-12-01T14:07:13.0185241Z,21.240252,,
2023-12-01T14:31:45.2684478Z,21.742172,,
2023-12-01T14:56:17.3510437Z,22.243994,,
2023-12-01T15:21:00.3951873Z,22.749552,,
2023-12-01T15:45:41.9054412Z,23.254635,,
2023-12-01T16:10:00.1149139Z,23.759457,,
2023-12-01T16:18:39.1146545Z,24.259604,,
2023-12-01T16:27:26.9810485Z,24.765453,,
2023-12-01T16:36:13.108963Z,25.26951,,
2023-12-01T16:44:58.450119Z,25.773375,,
2023-12-01T16:53:45.2296752Z,26.28014,,
2023-12-01T17:02:42.8275604Z,26.79461,,
2023-12-01T17:11:34.1180114Z,27.305609,,
2023-12-01T17:20:29.7485809Z,27.819185,,
2023-12-01T17:29:22.4747619Z,28.33091,,
2023-12-01T17:38:13.0423126Z,28.839098,,
2023-12-01T17:46:53.5822906Z,29.33995,,
2023-12-01T17:55:40.8827514Z,29.84502,,
2023-12-01T18:04:30.8378601Z,30.354233,,
2023-12-01T18:13:14.073822Z,30.855825,,
2023-12-01T18:22:04.2186431Z,31.364805,,
2023-12-01T18:31:02.9574127Z,31.881535,,
2023-12-01T18:39:49.5619964Z,32.386,,
2023-12-01T18:48:34.341751Z,32.8904,,
2023-12-01T18:57:30.4960174Z,33.404034,,
2023-12-01T19:06:17.5384063Z,33.909718,,
2023-12-01T19:15:15.0953826Z,34.426098,,
2023-12-01T19:24:03.7085113Z,34.932735,,
2023-12-01T19:32:10.1254425Z,35.448643,,
2023-12-01T19:40:07.0784912Z,35.959938,,
2023-12-01T19:48:10.2727966Z,36.475426,,
2023-12-01T19:56:00.7384643Z,36.979473,,
2023-12-01T20:03:49.3835754Z,37.48047,,
2023-12-01T20:11:51.0398101Z,37.996246,,
2023-12-01T20:19:54.1767425Z,38.513107,,
2023-12-01T20:27:41.8926086Z,39.014782,,
2023-12-01T20:35:35.8190917Z,39.521843,,
2023-12-01T20:43:24.3461303Z,40.022774,,
2023-12-01T20:51:21.4411926Z,40.53445,,
2023-12-01T20:59:09.3434448Z,41.034847,,
2023-12-01T21:07:01.7491607Z,41.539803,,
2023-12-01T21:15:02.1324615Z,42.053684,,
2023-12-01T21:22:55.1557006Z,42.55999,,
2023-12-01T21:30:48.8967132Z,43.06765,,
2023-12-01T21:38:43.3923492Z,43.57526,,
2023-12-01T21:46:35.0430908Z,44.080124,,
2023-12-01T22:09:48.8318634Z,44.58244,,
2023-12-01T22:50:34.6312103Z,45.085102,,
2023-12-01T23:14:34.0733947Z,45.5897,,
2023-12-01T23:26:15.9905853Z,46.092182,,
2023-12-01T23:37:54.4959869Z,46.593,,
2023-12-01T23:49:48.2593841Z,47.103386,,
2023-12-02T00:01:27.7052612Z,47.605392,,
2023-12-02T00:13:21.2758178Z,48.116158,,
2023-12-02T00:25:20.84375Z,48.63043,,
2023-12-02T00:37:11.2341308Z,49.140293,,
2023-12-02T00:48:52.4349365Z,49.643116,,
2023-12-02T01:00:35.6392364Z,50.1468,,
2023-12-02T01:12:26.2209014Z,50.655632,,
2023-12-02T01:24:06.2071838Z,51.15724,,
2023-12-02T01:35:52.2056579Z,51.66376,,
2023-12-02T01:47:40.34552Z,52.17039,,
2023-12-02T01:59:32.6527709Z,52.681217,,
2023-12-02T02:11:18.2595825Z,53.18596,,
2023-12-02T02:23:03.2922363Z,53.691902,,
2023-12-02T02:34:57.2822723Z,54.20219,,
2023-12-02T02:46:50.1597595Z,54.713287,,
2023-12-02T02:58:33.3348999Z,55.21773,,
2023-12-02T03:10:23.908966Z,55.72669,,
2023-12-02T03:22:07.8727111Z,56.23068,,
2023-12-02T03:33:49.7276306Z,56.733166,,
2023-12-02T03:45:32.1553497Z,57.23643,,
2023-12-02T03:57:14.2167205Z,57.738228,,
2023-12-02T04:08:53.4148864Z,58.24013,,
2023-12-02T04:20:44.020935Z,58.74872,,
2023-12-02T04:32:30.8162078Z,59.255375,,
2023-12-02T04:44:09.083374Z,59.755955,,
2023-12-02T04:55:59.0415039Z,60.26367,,
2023-12-02T05:07:01.0561523Z,60.76537,,
2023-12-02T05:16:17.0829467Z,61.27535,,
2023-12-02T05:25:31.8892974Z,61.785213,,
2023-12-02T05:34:45.373703Z,62.291904,,
2023-12-02T05:44:06.5578765Z,62.80593,,
2023-12-02T05:53:12.8692169Z,63.307014,,
2023-12-02T06:02:26.4950103Z,63.814137,,
2023-12-02T06:11:46.1101226Z,64.3277,,
2023-12-02T06:20:53.0589141Z,64.82956,,
2023-12-02T06:30:00.5637359Z,65.33119,,
2023-12-02T06:39:16.7259216Z,65.842834,,
2023-12-02T06:48:26.0052795Z,66.34566,,
2023-12-02T06:57:39.7252197Z,66.85401,,
2023-12-02T07:06:47.8589324Z,67.35862,,
2023-12-02T07:16:02.9789886Z,67.867645,,
2023-12-02T07:25:18.2006988Z,68.37668,,
2023-12-02T07:34:32.1664428Z,68.885704,,
2023-12-02T07:42:00.0315551Z,,255,Bad Input
2023-12-02T07:44:57.2259979Z,69.45763,,
2023-12-02T07:54:03.0140686Z,69.95879,,
2023-12-02T08:03:17.3582305Z,70.46782,,
2023-12-02T08:12:31.7624664Z,70.97685,,
2023-12-02T08:21:49.0044403Z,71.48588,,
2023-12-02T08:31:03.0984649Z,71.99491,,
2023-12-02T08:40:12.1339416Z,72.49612,,
2023-12-02T08:49:28.5086059Z,73.00629,,
2023-12-02T08:58:49.0632324Z,73.51994,,
2023-12-02T09:08:06.2468109Z,74.032234,,
2023-12-02T09:17:15.3487854Z,74.53553,,
2023-12-02T11:19:49.2840728Z,75.03605,,
2023-12-02T12:16:35.2754974Z,75.5364,,
2023-12-02T13:13:36.4847717Z,76.03878,,
2023-12-02T15:39:13.8138275Z,75.53238,,
2023-12-02T15:58:55.4716033Z,75.02816,,
2023-12-02T16:18:38.7821044Z,74.52277,,
2023-12-02T16:38:14.2723388Z,74.02144,,
2023-12-02T16:57:57.0517578Z,73.51698,,
2023-12-02T17:17:45.8957672Z,73.00931,,
2023-12-02T17:37:22.5130462Z,72.50659,,
2023-12-02T17:57:06.6123352Z,71.99597,,
2023-12-02T18:13:41.9006195Z,71.49212,,
2023-12-02T18:30:28.2607879Z,70.983986,,
2023-12-02T18:46:59.4213256Z,70.48324,,
2023-12-02T19:03:28.6633453Z,69.98287,,
2023-12-02T19:20:11.5552673Z,69.475464,,
2023-12-02T19:36:41.972229Z,68.97515,,
2023-12-02T19:53:20.5871887Z,68.47105,,
2023-12-02T20:09:57.3426513Z,67.96733,,
2023-12-02T20:26:40.4104919Z,67.46018,,
2023-12-02T20:43:10.0021057Z,66.959915,,
2023-12-02T20:59:47.63031Z,66.45595,,
2023-12-02T21:16:35.1877288Z,65.946526,,
2023-12-02T21:33:12.8272399Z,65.4428,,
2023-12-02T22:59:10.9190063Z,65.94558,,
2023-12-02T23:21:35.4284362Z,65.435905,,
2023-12-02T23:35:15.0203399Z,64.92768,,
2023-12-02T23:48:52.1143188Z,64.42165,,
2023-12-03T00:02:17.5211944Z,63.92151,,
2023-12-03T00:16:04.301651Z,63.40932,,
2023-12-03T00:29:30.3270263Z,62.907867,,
2023-12-03T00:43:01.7406463Z,62.40624,,
2023-12-03T00:56:31.0613098Z,61.903965,,
2023-12-03T01:10:06.3593902Z,61.399544,,
2023-12-03T01:23:54.9587249Z,60.886147,,
2023-12-03T01:37:35.185379Z,60.37753,,
2023-12-03T01:51:11.9884185Z,59.873493,,
2023-12-03T02:04:35.9850769Z,59.3717,,
2023-12-03T02:18:09.3551788Z,58.867832,,
2023-12-03T02:31:40.7913665Z,58.364536,,
2023-12-03T02:45:50.9004058Z,57.8554,,
2023-12-03T03:01:54.8227233Z,57.35029,,
2023-12-03T03:17:54.3574371Z,56.847927,,
2023-12-03T03:33:59.3820953Z,56.342243,,
2023-12-03T03:50:12.1148834Z,55.83289,,
2023-12-03T04:06:10.4726257Z,55.33097,,
2023-12-03T04:22:21.2417602Z,54.822586,,
2023-12-03T04:38:28.5245208Z,54.315727,,
2023-12-03T04:54:28.0501556Z,53.812534,,
2023-12-03T05:10:30.1582946Z,53.30852,,
2023-12-03T05:43:13.070755Z,52.804565,,
2023-12-03T06:17:10.234497Z,52.30288,,
2023-12-03T06:51:20.7161865Z,51.79828,,
2023-12-03T07:25:16.7185058Z,51.296894,,
2023-12-03T07:59:28.230606Z,50.792,,
2023-12-03T08:33:19.6358337Z,50.291523,,
2023-12-03T09:07:19.4205017Z,49.78947,,
2023-12-03T09:45:50.8979492Z,49.286396,,
2023-12-03T10:24:43.277359Z,48.783623,,
2023-12-03T11:03:26.2789459Z,48.282787,,
2023-12-03T11:42:13.0415954Z,47.78119,,
2023-12-03T12:21:14.7077178Z,47.276443,,
2023-12-03T12:45:55.1488494Z,46.772945,,
2023-12-03T13:07:41.8742828Z,46.27024,,
2023-12-03T13:29:23.2643585Z,45.769646,,
2023-12-03T13:51:16.2299194Z,45.264904,,
2023-12-03T14:13:00.5105285Z,44.763527,,
2023-12-03T14:34:48.897583Z,44.260387,,
2023-12-03T14:56:00.0120544Z,43.753586,,
2023-12-03T15:09:21.4122772Z,43.25015,,
2023-12-03T15:22:46.7451934Z,42.744816,,
2023-12-03T15:36:03.0708312Z,42.243862,,
2023-12-03T15:49:22.6938476Z,41.74279,,
2023-12-03T16:02:52.3609466Z,41.2346,,
2023-12-03T16:16:17.3296508Z,40.729515,,
2023-12-03T16:29:39.3249359Z,40.22519,,
2023-12-03T16:43:06.9204711Z,39.718937,,
2023-12-03T16:56:31.225769Z,39.213486,,
2023-12-03T17:42:26.7756958Z,38.712673,,
2023-12-03T18:43:40.7165222Z,38.21068,,
2023-12-03T19:44:56.0042266Z,37.708683,,
2023-12-03T20:32:24.4683227Z,37.20491,,
2023-12-03T21:00:17.8905181Z,36.702587,,
2023-12-03T21:28:19.2043914Z,36.199203,,
2023-12-03T21:56:13.8570404Z,35.696407,,
2023-12-03T22:24:06.7854766Z,35.194267,,
2023-12-03T22:52:00.7492065Z,34.692097,,
2023-12-03T23:19:55.7418823Z,34.18978,,
2023-12-03T23:47:43.2877044Z,33.689423,,
2023-12-04T00:15:42.6509094Z,33.185394,,
2023-12-04T00:43:45.7714538Z,32.68062,,
2023-12-04T01:11:32.5358428Z,32.180107,,
2023-12-04T01:39:35.7091217Z,31.675594,,
2023-12-04T02:07:34.0674438Z,31.171844,,
2023-12-04T02:35:31.1150665Z,30.66874,,
2023-12-04T03:03:22.1828002Z,30.167614,,
2023-12-04T03:31:15.6823272Z,29.665476,,
2023-12-04T03:59:19.4493255Z,29.160395,,
2023-12-04T05:28:04.9583892Z,28.659964,,
2023-12-04T09:30:58.9087371Z,29.162605,,
2023-12-04T09:43:40.1247863Z,29.663435,,
2023-12-04T09:56:39.0853729Z,30.176369,,
2023-12-04T10:09:32.7109527Z,30.686304,,
2023-12-04T10:22:11.4542083Z,31.186434,,
2023-12-04T10:35:07.9902038Z,31.698095,,
2023-12-04T10:48:11.4400634Z,32.20462,,
2023-12-04T11:02:25.1473693Z,32.708054,,
2023-12-04T11:16:38.7112884Z,33.21286,,
2023-12-04T11:30:50.8270874Z,33.716213,,
2023-12-04T11:45:02.670578Z,34.219437,,
2023-12-04T11:59:11.7597961Z,34.72033,,
2023-12-04T12:13:23.8490447Z,35.224365,,
2023-12-04T12:27:32.158966Z,35.726074,,
2023-12-04T12:41:40.2136688Z,36.2264,,
2023-12-04T12:55:56.7202301Z,36.732227,,
2023-12-04T13:10:19.4075317Z,37.24134,,
2023-12-04T13:24:37.5419921Z,37.748295,,
2023-12-04T13:38:58.817276Z,38.25733,,
2023-12-04T13:53:15.9007263Z,38.76384,,
2023-12-04T14:07:37.8279876Z,39.27319,,
2023-12-04T14:21:58.7971038Z,39.783634,,
2023-12-04T14:32:33.1512451Z,40.294033,,
2023-12-04T14:43:00.5964813Z,40.798607,,
2023-12-04T14:53:25.1248321Z,41.30127,,
2023-12-04T15:03:50.7750091Z,41.803802,,
2023-12-04T15:14:30.6757812Z,42.31841,,
2023-12-04T15:25:06.4979095Z,42.829544,,
2023-12-04T15:35:41.5435485Z,43.34083,,
2023-12-04T15:46:18.7764282Z,43.851982,,
2023-12-04T15:56:49.6020812Z,44.35933,,
2023-12-04T16:07:17.444931Z,44.86445,,
2023-12-04T16:17:48.6004638Z,45.37228,,
2023-12-04T16:28:21.0550537Z,45.88081,,
2023-12-04T16:38:55.1452484Z,46.39072,,
2023-12-04T16:59:56.2163696Z,46.894817,,
2023-12-04T17:23:11.848114Z,47.400074,,
2023-12-04T17:46:34.4728546Z,47.90723,,
2023-12-04T18:09:38.7963867Z,48.408314,,
2023-12-04T18:32:41.8808288Z,48.908398,,
2023-12-04T18:56:03.8354187Z,49.415318,,
2023-12-04T19:19:12.1561584Z,49.917538,,
2023-12-04T19:42:19.7275085Z,50.418873,,
2023-12-04T20:05:25.1010131Z,50.920364,,
2023-12-04T20:28:43.701004Z,51.426003,,
2023-12-04T20:51:25.641571Z,51.940273,,
2023-12-04T21:00:55.9608001Z,52.450745,,
2023-12-04T21:10:23.7285308Z,52.959652,,
2023-12-04T21:19:52.169754Z,53.468906,,
2023-12-04T21:29:28.4120788Z,53.984463,,
2023-12-04T21:39:02.6830596Z,54.499226,,
2023-12-04T21:48:34.11557Z,55.011932,,
2023-12-04T21:58:00.1715545Z,55.517517,,
2023-12-04T22:07:23.2355499Z,56.023563,,
2023-12-04T22:16:53.051712Z,56.53228,,
2023-12-04T22:26:18.5376129Z,57.04001,,
2023-12-04T22:35:41.347763Z,57.543938,,
2023-12-04T22:45:03.6105804Z,58.046947,,
2023-12-04T22:54:34.8842163Z,58.558887,,
2023-12-04T23:03:55.2431488Z,59.06083,,
2023-12-04T23:13:22.875473Z,59.56929,,
2023-12-04T23:22:51.3940277Z,60.077614,,
2023-12-04T23:32:16.6513671Z,60.58477,,
2023-12-04T23:41:54.1551818Z,61.10007,,
2023-12-04T23:51:23.4481506Z,61.612057,,
2023-12-05T00:00:43.0569152Z,62.113598,,
2023-12-05T00:10:14.315216Z,62.62507,,
2023-12-05T00:19:31.5870819Z,63.12514,,
2023-12-05T00:29:06.459732Z,63.638172,,
2023-12-05T00:38:34.2067871Z,64.148026,,
2023-12-05T00:48:01.6509704Z,64.656136,,
2023-12-05T00:57:30.2322082Z,65.16455,,
2023-12-05T01:06:56.3026885Z,65.67192,,
2023-12-05T01:16:26.6926116Z,66.183205,,
2023-12-05T01:26:00.8560485Z,66.69669,,
2023-12-05T01:34:44.2012786Z,67.19821,,
2023-12-05T01:43:23.2285003Z,67.7085,,
2023-12-05T01:52:02.1507415Z,68.219025,,
2023-12-05T02:00:51.580841Z,68.739136,,
2023-12-05T02:09:19.9229431Z,69.24097,,
2023-12-05T02:17:49.6796112Z,69.7427,,
2023-12-05T02:26:27.7816467Z,70.253006,,
2023-12-05T02:35:12.4554595Z,70.76852,,
2023-12-05T02:43:46.2689971Z,71.27467,,
2023-12-05T02:52:17.4718627Z,71.777504,,
2023-12-05T03:00:53.101181Z,72.28635,,
2023-12-05T03:09:28.679367Z,72.79338,,
2023-12-05T03:18:05.3937835Z,73.30194,,
2023-12-05T03:26:41.2827758Z,73.810295,,
2023-12-05T03:35:18.3995971Z,74.3192,,
2023-12-05T03:43:56.4091339Z,74.82844,,
2023-12-05T03:52:27.9981536Z,75.332954,,
2023-12-05T04:01:01.0636596Z,75.83733,,
2023-12-05T04:09:35.9297027Z,76.34394,,
2023-12-05T04:32:47.5186767Z,76.84645,,
2023-12-05T05:04:38.9756317Z,77.34832,,
2023-12-05T05:36:31.8721008Z,77.850716,,
2023-12-05T06:08:32.8156127Z,78.3545,,
2023-12-05T06:40:27.5188446Z,78.85756,,
2023-12-05T07:12:31.7310333Z,79.362686,,
2023-12-05T07:44:18.3787078Z,79.86293,,
2023-12-05T08:19:06.9786529Z,79.361465,,
2023-12-05T08:29:37.5062103Z,78.853615,,
2023-12-05T08:40:00.9023437Z,78.351524,,
2023-12-05T08:50:38.9586639Z,77.83644,,
2023-12-05T09:01:09.5498809Z,77.32872,,
2023-12-05T09:11:35.9756164Z,76.82279,,
2023-12-05T09:22:05.7058105Z,76.315186,,
2023-12-05T09:59:11.9867401Z,75.814285,,
2023-12-05T11:52:31.0200805Z,75.31358,,
2023-12-05T13:13:46.6388702Z,74.81125,,
2023-12-05T14:11:11.5970916Z,74.30872,,
2023-12-05T15:01:22.3545837Z,73.808235,,
2023-12-05T15:17:31.0684204Z,73.29875,,
2023-12-05T15:33:32.3279113Z,72.791595,,
2023-12-05T15:49:24.6109008Z,72.29122,,
2023-12-05T16:05:23.8562469Z,71.78639,,
2023-12-05T16:21:28.2609405Z,71.27839,,
2023-12-05T16:37:23.0915679Z,70.77516,,
2023-12-05T16:53:20.9731445Z,70.27162,,
2023-12-05T17:09:17.6665191Z,69.76806,,
2023-12-05T17:25:12.2029266Z,69.2651,,
2023-12-05T17:41:15.5784606Z,68.75738,,
2023-12-05T17:57:22.3283081Z,68.249725,,
2023-12-05T18:13:24.6684112Z,67.741974,,
2023-12-05T18:29:20.391571Z,67.23927,,
2023-12-05T18:45:23.6443328Z,66.732086,,
2023-12-05T19:01:15.1444091Z,66.23069,,
2023-12-05T19:17:18.2338104Z,65.723305,,
2023-12-05T19:27:24.8529052Z,65.210304,,
2023-12-05T19:36:14.0078277Z,64.70971,,
2023-12-05T19:45:04.9216156Z,64.206085,,
2023-12-05T19:54:05.0816802Z,63.69397,,
2023-12-05T20:02:56.6905822Z,63.190365,,
2023-12-05T20:11:46.4886169Z,62.68775,,
2023-12-05T20:20:49.7593383Z,62.173016,,
2023-12-05T20:29:50.5891265Z,61.659107,,
2023-12-05T20:38:47.6410217Z,61.15106,,
2023-12-05T20:47:37.5472412Z,60.648052,,
2023-12-05T20:56:30.1135864Z,60.142715,,
2023-12-05T21:05:30.7151489Z,59.631145,,
2023-12-05T21:14:25.8194427Z,59.123043,,
2023-12-05T21:23:19.2377319Z,58.617134,,
2023-12-05T21:32:06.1852874Z,58.116104,,
2023-12-05T21:41:08.5817871Z,57.604824,,
2023-12-05T21:50:11.2019653Z,57.08974,,
2023-12-05T21:59:05.8684692Z,56.58239,,
2023-12-05T22:08:03.0963592Z,56.071583,,
2023-12-05T22:17:00.9400177Z,55.5638,,
2023-12-05T22:25:54.344757Z,55.057472,,
2023-12-05T22:34:41.8708038Z,54.557014,,
2023-12-05T22:43:40.5408935Z,54.0445,,
2023-12-05T22:52:34.7104187Z,53.539474,,
2023-12-05T23:01:33.0884704Z,53.028183,,
2023-12-05T23:10:35.4819335Z,52.515083,,
2023-12-05T23:19:22.5939788Z,52.014694,,
2023-12-05T23:28:33.94841Z,51.493477,,
2023-12-05T23:37:35.9700317Z,50.97936,,
2023-12-06T07:04:57.5679168Z,50.473003,,
2023-12-06T07:15:44.1777954Z,49.972717,,
2023-12-06T07:26:33.0379028Z,49.470806,,
2023-12-06T07:37:35.1782989Z,48.959694,,
2023-12-06T07:48:31.5107116Z,48.45208,,
2023-12-06T07:59:19.2498321Z,47.951942,,
2023-12-06T08:10:08.5559997Z,47.451538,,
2023-12-06T08:21:10.3865203Z,46.938885,,
2023-12-06T08:38:42.6018829Z,46.43226,,
2023-12-06T08:59:19.2463684Z,45.930103,,
2023-12-06T09:20:07.3611297Z,45.424103,,
2023-12-06T09:40:52.6650543Z,44.918034,,
2023-12-06T11:41:19.391159Z,44.41738,,
2023-12-06T12:57:04.8022766Z,43.916794,,
2023-12-06T13:18:22.5836791Z,43.41088,,
2023-12-06T13:39:30.7929229Z,42.909008,,
2023-12-06T14:00:37.0152282Z,42.408382,,
2023-12-06T14:21:45.1977233Z,41.90706,,
2023-12-06T14:42:52.2255249Z,41.405293,,
2023-12-06T15:04:10.4147186Z,40.899906,,
2023-12-06T15:25:14.7490234Z,40.39965,,
2023-12-06T15:46:28.7959442Z,39.895626,,
2023-12-06T16:07:45.483078Z,39.390804,,
2023-12-06T16:28:58.2255706Z,38.887497,,
2023-12-06T16:50:14.058258Z,38.382862,,
2023-12-06T17:11:19.4460144Z,37.882217,,
2023-12-06T18:57:45.3935699Z,37.3808,,
2023-12-06T20:50:16.3751983Z,36.880074,,
2023-12-06T22:42:51.7579803Z,36.379086,,
2023-12-06T23:55:45.2711334Z,35.87207,,
2023-12-07T00:03:33.4507904Z,35.36003,,
2023-12-07T00:11:31.4294128Z,34.8386,,
2023-12-07T00:19:17.0333557Z,34.329826,,
2023-12-07T00:27:15.8682403Z,33.809124,,
2023-12-07T00:34:59.1491851Z,33.302612,,
2023-12-07T00:42:39.4331665Z,32.799667,,
2023-12-07T00:50:30.1509246Z,32.2853,,
2023-12-07T00:58:11.2148132Z,31.782705,,
2023-12-07T01:05:49.8421325Z,31.281776,,
2023-12-07T01:13:40.8661193Z,30.766588,,
2023-12-07T01:21:23.2377166Z,30.260702,,
2023-12-07T01:29:11.0404052Z,29.751076,,
2023-12-07T01:36:55.7760162Z,29.244022,,
2023-12-07T01:44:46.7576904Z,28.73026,,
2023-12-07T01:52:35.8935699Z,28.219013,,
2023-12-07T02:00:38.6160125Z,27.692389,,
2023-12-07T02:08:21.5415496Z,27.185415,,
2023-12-07T02:16:01.7245941Z,26.68204,,
2023-12-07T02:23:52.9052429Z,26.169992,,
2023-12-07T02:31:35.2702484Z,25.663694,,
2023-12-07T02:39:26.7288665Z,25.149101,,
2023-12-07T02:47:05.7888488Z,24.647818,,
2023-12-07T02:54:53.3617095Z,24.1375,,
2023-12-07T03:02:48.0144195Z,23.620014,,
2023-12-07T03:10:35.2242889Z,23.108667,,
2023-12-07T03:18:19.8177642Z,22.602592,,
2023-12-07T03:26:02.6969299Z,22.096956,,
2023-12-07T03:34:01.7905273Z,21.574755,,
2023-12-07T03:41:58.0008697Z,21.05492,,
2023-12-07T03:49:50.981369Z,20.538523,,
2023-12-07T03:57:44.6570434Z,20.02157,,
2023-12-07T04:05:27.1534118Z,19.515774,,
2023-12-07T04:13:07.9352722Z,19.011417,,
2023-12-07T04:21:15.376831Z,18.482988,,
2023-12-07T04:28:53.359436Z,17.979748,,
2023-12-07T04:36:34.1916503Z,17.475864,,
2023-12-07T04:44:22.2844543Z,16.964617,,
2023-12-07T04:52:13.3198852Z,16.451721,,
2023-12-07T04:59:52.1628112Z,15.949911,,
2023-12-07T05:07:53.9386291Z,15.425688,,
2023-12-07T05:15:37.1330108Z,14.919646,,
2023-12-07T05:23:29.6612396Z,14.40272,,
2023-12-07T05:31:21.7131805Z,13.8880625,,
2023-12-07T05:39:17.8467712Z,13.36912,,
2023-12-07T05:46:58.0696563Z,12.867144,,
2023-12-07T05:54:56.2600708Z,12.34471,,
2023-12-07T06:02:33.5080261Z,11.843437,,
2023-12-07T06:10:27.9320373Z,11.324054,,
2023-12-07T06:18:15.7969818Z,10.814798,,
2023-12-07T06:25:58.1579895Z,10.310366,,
2023-12-07T06:33:48.3228607Z,9.795526,,
2023-12-07T06:41:32.6185913Z,9.289898,,
2023-12-07T10:30:53.2794494Z,8.784909,,
2023-12-07T10:40:57.6609191Z,8.27111,,
2023-12-07T10:50:51.7080535Z,7.765083,,
2023-12-07T11:00:52.7441253Z,7.2514462,,
2023-12-07T11:10:53.6394042Z,6.741727,,
2023-12-07T11:20:54.2935791Z,6.2287416,,
2023-12-07T11:31:01.691101Z,5.7120585,,
2023-12-07T11:41:09.9886322Z,5.197489,,
2023-12-07T11:51:11.4677429Z,4.685985,,
2023-12-07T12:01:04.1487579Z,4.176984,,
2023-12-07T12:11:17.0436248Z,3.6561828,,
2023-12-07T15:46:28.0812835Z,4.156233,,
2023-12-07T17:55:30.935852Z,4.6717105,,
2023-12-07T18:03:58.9692077Z,5.194905,,
2023-12-07T18:12:25.1400299Z,5.716468,,
2023-12-07T18:20:34.1412811Z,6.2203693,,
2023-12-07T18:29:01.1242523Z,6.742548,,
2023-12-07T18:37:08.9448852Z,7.2462955,,
2023-12-07T18:45:22.4753265Z,7.7563334,,
2023-12-07T18:53:42.4891052Z,8.270788,,
2023-12-07T19:02:01.3557586Z,8.784234,,
2023-12-07T19:10:18.5189971Z,9.297471,,
2023-12-07T19:18:46.5762481Z,9.818872,,
2023-12-07T19:27:02.5217742Z,10.330167,,
2023-12-07T19:35:22.4252624Z,10.844041,,
2023-12-07T19:43:41.8777465Z,11.359315,,
2023-12-07T19:51:58.098526Z,11.870294,,
2023-12-07T20:00:07.5858612Z,12.37413,,
2023-12-07T20:08:15.5374145Z,12.876881,,
2023-12-07T20:16:33.1375122Z,13.390144,,
2023-12-07T20:24:48.0762634Z,13.901225,,
2023-12-07T20:33:01.0660552Z,14.408757,,
2023-12-07T20:41:19.4599304Z,14.922931,,
2023-12-07T20:49:33.8697662Z,15.432336,,
2023-12-07T20:57:53.4566497Z,15.945671,,
2023-12-07T21:06:12.1223754Z,16.459896,,
2023-12-07T21:14:30.0082397Z,16.972794,,
2023-12-07T21:23:51.4574737Z,17.481688,,
2023-12-07T21:36:50.0171661Z,17.993961,,
2023-12-07T21:49:40.1276855Z,18.500954,,
2023-12-07T22:02:25.6269531Z,19.005198,,
2023-12-07T22:15:12.1993713Z,19.509998,,
2023-12-07T22:27:53.1918334Z,20.011374,,
2023-12-07T22:40:41.2930908Z,20.517303,,
2023-12-07T22:53:31.9042663Z,21.02452,,
2023-12-07T23:06:22.6881713Z,21.531336,,
2023-12-07T23:19:20.0096282Z,22.041933,,
2023-12-07T23:32:03.0199279Z,22.545357,,
2023-12-07T23:44:46.7020416Z,23.046726,,
2023-12-07T23:57:40.4290313Z,23.55619,,
2023-12-08T00:10:31.2772827Z,24.063963,,
2023-12-08T00:23:14.6086425Z,24.566166,,
2023-12-08T00:36:03.0194702Z,25.071896,,
2023-12-08T00:48:58.1997375Z,25.58137,,
2023-12-08T01:01:52.2817687Z,26.08999,,
2023-12-08T01:14:47.9928283Z,26.6012,,
2023-12-08T01:27:40.3984832Z,27.109776,,
2023-12-08T01:40:39.1112365Z,27.621052,,
2023-12-08T01:53:29.3774261Z,28.127802,,
2023-12-08T02:12:17.4326171Z,28.630852,,
2023-12-08T02:36:55.1138153Z,29.131021,,
2023-12-08T03:01:41.6148376Z,29.634192,,
2023-12-08T03:26:25.4814605Z,30.136223,,
2023-12-08T03:51:20.9226989Z,30.64209,,
2023-12-08T04:16:08.0345916Z,31.145588,,
2023-12-08T04:40:54.1357116Z,31.648615,,
2023-12-08T05:05:41.3938751Z,32.15204,,
2023-12-08T05:30:22.4409332Z,32.65334,,
2023-12-08T06:22:55.0786743Z,33.153522,,
2023-12-08T08:58:28.7017517Z,33.654003,,
2023-12-08T11:33:54.5738372Z,34.15418,,
2023-12-08T13:52:13.2471313Z,34.662525,,
2023-12-08T14:09:31.1045227Z,35.16609,,
2023-12-08T14:26:47.6964569Z,35.667442,,
2023-12-08T14:44:15.5905914Z,36.17498,,
2023-12-08T15:01:35.7878265Z,36.678764,,
2023-12-08T15:18:55.7828521Z,37.18267,,
2023-12-08T15:36:26.876831Z,37.691444,,
2023-12-08T15:53:49.6440887Z,38.19601,,
2023-12-08T16:11:01.1920776Z,38.69673,,
2023-12-08T16:17:35.887268Z,33.491657,,
2023-12-08T16:52:55.8014221Z,33.99577,,
2023-12-08T17:27:59.0528564Z,34.495785,,
2023-12-08T18:03:08.2155914Z,34.996902,,
2023-12-08T18:38:15.5785675Z,35.49844,,
2023-12-08T19:13:35.7389678Z,36.002193,,
2023-12-08T20:42:57.7276153Z,35.50065,,
2023-12-08T21:11:37.29039Z,34.996662,,
2023-12-08T21:40:03.223648Z,34.496334,,
2023-12-08T22:08:45.1114044Z,33.991837,,
2023-12-08T22:37:31.1491851Z,33.48628,,
2023-12-08T23:06:03.4003753Z,32.984375,,
2023-12-08T23:34:48.2642211Z,32.479233,,
2023-12-09T00:03:24.3470764Z,31.97596,,
2023-12-09T00:32:09.7333068Z,31.470499,,
2023-12-09T01:00:41.8721313Z,30.968168,,
2023-12-09T01:29:09.3407592Z,30.468002,,
2023-12-09T01:57:38.5466918Z,29.967758,,
2023-12-09T02:26:11.2624359Z,29.465025,,
2023-12-09T03:19:16.9143371Z,29.967262,,
2023-12-09T03:37:55.6607513Z,30.473133,,
2023-12-09T03:56:33.9278259Z,30.978973,,
2023-12-09T04:15:06.7262115Z,31.4816,,
2023-12-09T04:33:36.2170562Z,31.983952,,
2023-12-09T04:52:14.4866943Z,32.48867,,
2023-12-09T05:10:47.3760986Z,32.99236,,
2023-12-09T06:47:04.3469848Z,33.49335,,
2023-12-09T09:04:33.3961791Z,33.99393,,
2023-12-09T11:22:03.7252807Z,34.494698,,
2023-12-09T16:31:16.7356872Z,33.99294,,
2023-12-09T17:02:02.160614Z,33.489326,,
2023-12-09T17:32:41.1105346Z,32.986923,,
2023-12-09T18:03:19.4996337Z,32.485737,,
2023-12-09T18:34:07.6444091Z,31.980797,,
2023-12-09T19:04:38.5000762Z,31.480618,,
2023-12-09T19:35:12.0042419Z,30.980146,,
2023-12-09T23:23:11.9111175Z,31.480541,,
2023-12-10T01:58:27.2465667Z,31.981195,,
2023-12-10T03:04:41.3261108Z,31.470982,,
2023-12-10T03:18:03.0576324Z,30.96143,,
2023-12-10T03:31:28.4602813Z,30.450068,,
2023-12-10T03:44:58.9291229Z,29.93667,,
2023-12-10T03:58:30.6971435Z,29.420797,,
2023-12-10T04:11:45.5427398Z,28.914238,,
2023-12-10T04:24:53.3300628Z,28.414213,,
2023-12-10T04:38:06.731903Z,27.910192,,
2023-12-10T04:51:24.1153411Z,27.40333,,
2023-12-10T05:04:48.640335Z,26.892614,,
2023-12-10T05:43:04.7907257Z,26.391714,,
2023-12-10T06:24:31.0454559Z,25.888336,,
2023-12-10T07:05:54.3422546Z,25.38538,,
2023-12-10T07:47:27.2015533Z,24.880554,,
2023-12-10T08:28:41.8777923Z,24.379166,,
2023-12-10T09:10:03.8390808Z,23.876423,,
2023-12-10T09:51:25.538208Z,23.373692,,
2023-12-10T10:32:43.5750122Z,22.871632,,
2023-12-10T11:07:19.6130828Z,22.367144,,
2023-12-10T11:41:03.4719848Z,21.865688,,
2023-12-10T12:14:53.1313629Z,21.363451,,
2023-12-10T12:48:35.1143798Z,20.8629,,
2023-12-10T13:22:15.8266906Z,20.362785,,
2023-12-10T13:56:00.6986999Z,19.86142,,
2023-12-10T14:29:40.6833801Z,19.361414,,
2023-12-10T15:03:22.8905639Z,18.86062,,
2023-12-10T15:37:13.6766662Z,18.358,,
2023-12-10T16:17:19.3377227Z,18.861343,,
2023-12-10T16:41:58.8083953Z,19.365614,,
2023-12-10T17:06:30.5781707Z,19.867516,,
2023-12-10T17:31:04.7062683Z,20.370016,,
2023-12-10T17:55:58.0185089Z,20.87838,,
2023-12-10T18:20:36.1298828Z,21.382812,,
2023-12-10T18:45:05.0792236Z,21.883423,,
2023-12-10T19:09:34.0332641Z,22.384634,,
2023-12-10T19:34:09.20372Z,22.887234,,
2023-12-10T19:58:48.0591888Z,23.390514,,
2023-12-10T20:19:06.7509002Z,23.9141,,
2023-12-10T20:28:03.1731414Z,24.42975,,
2023-12-10T20:36:49.2264862Z,24.934574,,
2023-12-10T20:45:50.1995697Z,25.452665,,
2023-12-10T20:54:39.2293853Z,25.961426,,
2023-12-10T21:03:34.9725189Z,26.475542,,
2023-12-10T21:12:30.5680847Z,26.989737,,
2023-12-10T21:21:24.8052368Z,27.502886,,
2023-12-10T21:30:18.1862487Z,28.011877,,
2023-12-10T21:39:00.2059478Z,28.512836,,
2023-12-10T21:47:59.2736511Z,29.030127,,
2023-12-10T21:56:58.0900878Z,29.547192,,
2023-12-10T22:05:48.57518Z,30.059284,,
2023-12-10T22:14:32.9164428Z,30.559435,,
2023-12-10T22:23:25.7865142Z,31.071035,,
2023-12-10T22:32:14.9636077Z,31.580843,,
2023-12-10T22:41:18.9258117Z,32.102077,,
2023-12-10T22:50:19.0330352Z,32.619354,,
2023-12-10T22:59:13.7958984Z,33.134323,,
2023-12-10T23:08:11.2748718Z,33.649036,,
2023-12-10T23:17:15.7604217Z,34.170593,,
2023-12-10T23:26:16.2920684Z,34.68957,,
2023-12-10T23:35:00.953125Z,35.217087,,
2023-12-10T23:42:54.7380828Z,35.724735,,
2023-12-10T23:51:00.9732055Z,36.245674,,
2023-12-10T23:59:04.8870697Z,36.7629,,
2023-12-11T00:07:11.8321228Z,37.28457,,
2023-12-11T00:14:59.4671173Z,37.7849,,
2023-12-11T00:22:51.3798675Z,38.29204,,
2023-12-11T00:30:40.4761352Z,38.7941,,
2023-12-11T00:38:29.1443176Z,39.29465,,
2023-12-11T00:46:23.6375122Z,39.80312,,
2023-12-11T00:54:13.445816Z,40.306725,,
2023-12-11T01:02:07.8165893Z,40.812065,,
2023-12-11T01:10:08.9417266Z,41.326622,,
2023-12-11T01:18:04.7519531Z,41.837284,,
2023-12-11T01:26:04.1352081Z,42.350906,,
2023-12-11T01:33:53.1388854Z,42.852383,,
2023-12-11T01:41:54.9877929Z,43.366882,,
2023-12-11T01:50:00.9526672Z,43.88754,,
2023-12-11T02:00:38.3704528Z,44.38993,,
2023-12-11T02:41:19.6257324Z,44.89168,,
2023-12-11T03:16:35.3158569Z,45.40079,,
2023-12-11T03:28:30.7682647Z,45.91296,,
2023-12-11T03:40:22.0394592Z,46.4219,,
2023-12-11T03:52:05.0591278Z,46.926052,,
2023-12-11T04:03:45.6791992Z,47.428238,,
2023-12-11T04:15:34.792694Z,47.937073,,
2023-12-11T04:27:18.6027374Z,48.441017,,
2023-12-11T04:39:02.9021606Z,48.944645,,
2023-12-11T04:50:48.7843627Z,49.449955,,
2023-12-11T05:02:46.1974639Z,49.96426,,
2023-12-11T05:14:30.5340728Z,50.468937,,
2023-12-11T05:26:27.954956Z,50.982655,,
2023-12-11T05:38:10.7524871Z,51.48612,,
2023-12-11T05:49:57.1918029Z,51.991608,,
2023-12-11T06:01:34.4175109Z,52.492207,,
2023-12-11T06:13:23.8834381Z,53.00117,,
2023-12-11T06:25:07.7973327Z,53.50422,,
2023-12-11T06:37:06.9764709Z,54.0189,,
2023-12-11T06:48:49.1361846Z,54.522224,,
2023-12-11T07:00:34.8902893Z,55.027912,,
2023-12-11T07:12:34.3244781Z,55.542522,,
2023-12-11T07:24:27.9740447Z,56.054535,,
2023-12-11T07:36:12.4974212Z,56.559578,,
2023-12-11T07:48:03.846817Z,57.06888,,
2023-12-11T08:00:07.8559875Z,57.58647,,
2023-12-11T08:12:10.4668884Z,58.103737,,
2023-12-11T08:24:02.5728912Z,58.61445,,
2023-12-11T08:35:53.9282531Z,59.12387,,
2023-12-11T08:47:42.6491394Z,59.631508,,
2023-12-11T08:59:37.8739624Z,60.143646,,
2023-12-11T09:11:26.7679138Z,60.656006,,
2023-12-11T09:20:41.1652069Z,61.16472,,
2023-12-11T09:30:04.4355163Z,61.681522,,
2023-12-11T09:39:16.0901947Z,62.186188,,
2023-12-11T09:48:40.614273Z,62.702686,,
2023-12-11T09:58:05.4381561Z,63.222187,,
2023-12-11T10:07:12.3736572Z,63.724064,,
2023-12-11T10:16:31.2079162Z,64.2368,,
2023-12-11T10:25:44.530487Z,64.74537,,
2023-12-11T10:35:05.2864074Z,65.25853,,
2023-12-11T10:44:13.0478973Z,65.76076,,
2023-12-11T10:53:35.8633422Z,66.27666,,
2023-12-11T11:02:44.9104003Z,66.780624,,
2023-12-11T11:12:06.0798187Z,67.29479,,
2023-12-11T11:21:28.3474731Z,67.81027,,
2023-12-11T11:30:36.0788421Z,68.314766,,
2023-12-11T11:39:42.3651275Z,68.815445,,
2023-12-11T11:49:08.0035095Z,69.33284,,
2023-12-11T11:58:17.4104919Z,69.83701,,
2023-12-11T12:07:25.2309417Z,70.33957,,
2023-12-11T12:16:43.3332214Z,70.85144,,
2023-12-11T12:25:57.4723358Z,71.35973,,
2023-12-11T12:35:21.1014099Z,71.87688,,
2023-12-11T12:44:35.7015991Z,72.38494,,
2023-12-11T12:53:53.0530395Z,72.89744,,
2023-12-11T13:03:01.4812774Z,73.39969,,
2023-12-11T13:12:14.2251586Z,73.90634,,
2023-12-11T13:21:21.9581146Z,74.409515,,
2023-12-11T13:30:39.3950347Z,74.92039,,
2023-12-11T16:10:01.1223602Z,75.42199,,
2023-12-11T17:06:47.4575958Z,75.92217,,
2023-12-11T19:49:59.3927001Z,75.421165,,
2023-12-11T20:09:51.204544Z,74.913185,,
2023-12-11T20:29:25.3549194Z,74.4113,,
2023-12-11T20:48:58.8509063Z,73.91073,,
2023-12-11T21:08:36.0963897Z,73.40852,,
2023-12-11T21:28:11.6686248Z,72.90665,,
2023-12-11T21:47:47.2394714Z,72.40557,,
2023-12-11T22:06:32.8175354Z,71.90287,,
2023-12-11T22:23:11.8315582Z,71.39936,,
2023-12-11T22:39:49.4684143Z,70.894806,,
2023-12-11T22:56:19.5733184Z,70.3948,,
2023-12-11T23:13:05.0932464Z,69.88665,,
2023-12-11T23:29:45.7386016Z,69.38103,,
2023-12-11T23:46:29.1065368Z,68.874115,,
2023-12-12T00:03:09.8900146Z,68.36807,,
2023-12-12T00:19:57.9626312Z,67.85919,,
2023-12-12T00:36:34.6819Z,67.35443,,
2023-12-12T00:53:12.1304473Z,66.85091,,
2023-12-12T01:09:49.7853546Z,66.34673,,
2023-12-12T01:26:25.1957397Z,65.84348,,
2023-12-12T01:42:57.2149353Z,65.34167,,
2023-12-12T02:57:01.3986816Z,65.84243,,
2023-12-12T03:30:47.1576843Z,65.33247,,
2023-12-12T03:44:29.3890533Z,64.82302,,
2023-12-12T03:57:55.8752136Z,64.32272,,
2023-12-12T04:11:38.3761138Z,63.812614,,
2023-12-12T04:25:18.2992858Z,63.303772,,
2023-12-12T04:39:05.6433563Z,62.791584,,
2023-12-12T04:52:38.0892791Z,62.288124,,
2023-12-12T05:06:05.2136993Z,61.78746,,
2023-12-12T05:19:44.5322265Z,61.278877,,
2023-12-12T05:33:26.1484527Z,60.769703,,
2023-12-12T05:46:52.5152587Z,60.269577,,
2023-12-12T06:00:30.2415161Z,59.763245,,
2023-12-12T06:13:57.4357604Z,59.262997,,
2023-12-12T06:27:37.0335845Z,58.75425,,
2023-12-12T06:41:15.0927886Z,58.246414,,
2023-12-12T06:55:53.5060424Z,57.74125,,
2023-12-12T07:11:56.8601684Z,57.236996,,
2023-12-12T07:28:06.7164306Z,56.729164,,
2023-12-12T07:44:04.5159912Z,56.22734,,
2023-12-12T08:00:11.9137268Z,55.72011,,
2023-12-12T08:16:23.7599639Z,55.21159,,
2023-12-12T08:32:24.9827728Z,54.707397,,
2023-12-12T08:48:30.85289Z,54.201283,,
2023-12-12T09:04:38.6917266Z,53.69431,,
2023-12-12T09:23:18.8515777Z,53.193314,,
2023-12-12T09:57:23.7544555Z,52.690266,,
2023-12-12T10:31:21.2061157Z,52.18797,,
2023-12-12T11:05:17.0754699Z,51.686707,,
2023-12-12T11:39:15.4795227Z,51.184944,,
2023-12-12T12:13:14.9329986Z,50.682713,,
2023-12-12T12:47:16.3588714Z,50.180195,,
2023-12-12T13:22:00.4187011Z,49.677948,,
2023-12-12T14:00:56.6676788Z,49.17425,,
2023-12-12T14:39:43.4569854Z,48.672432,,
2023-12-12T15:18:27.9421539Z,48.17132,,
2023-12-12T15:57:21.2429046Z,47.66854,,
2023-12-12T16:35:16.0310668Z,47.166687,,
2023-12-12T16:56:57.8101654Z,46.666164,,
2023-12-12T17:18:42.3107147Z,46.164448,,
2023-12-12T17:40:27.3350372Z,45.66284,,
2023-12-12T18:02:18.5454711Z,45.158306,,
2023-12-12T18:24:00.8469085Z,44.65777,,
2023-12-12T18:45:54.9140777Z,44.15201,,
2023-12-12T19:05:20.6235809Z,43.643032,,
2023-12-12T19:18:38.5980682Z,43.142044,,
2023-12-12T19:31:56.9360809Z,42.640755,,
2023-12-12T19:45:20.8744049Z,42.13591,,
2023-12-12T19:58:51.9321289Z,41.62808,,
2023-12-12T20:12:20.1397094Z,41.12,,
2023-12-12T20:25:43.1071472Z,40.61541,,
2023-12-12T20:39:14.1069946Z,40.10566,,
2023-12-12T20:52:48.7149505Z,39.595627,,
2023-12-12T21:06:17.5111389Z,39.087627,,
2023-12-12T22:04:10.8942413Z,38.587044,,
2023-12-12T23:05:22.2131958Z,38.08543,,
2023-12-13T00:06:25.5329895Z,37.584835,,
2023-12-13T00:45:42.5376129Z,37.081036,,
2023-12-13T01:13:40.4996185Z,36.577854,,
2023-12-13T01:41:45.5498504Z,36.072334,,
2023-12-13T02:09:32.1513977Z,35.571987,,
2023-12-13T02:37:33.254486Z,35.067688,,
2023-12-13T03:05:21.3875732Z,34.567234,,
2023-12-13T03:33:22.5806884Z,34.062927,,
2023-12-13T04:01:17.5868072Z,33.55996,,
2023-12-13T04:29:21.5541381Z,33.05534,,
2023-12-13T04:57:12.0707397Z,32.55409,,
2023-12-13T05:25:02.4249114Z,32.053196,,
2023-12-13T05:52:52.0927429Z,31.552582,,
2023-12-13T06:20:53.1111145Z,31.048273,,
2023-12-13T06:48:40.4766235Z,30.54744,,
2023-12-13T07:16:32.6404266Z,30.045706,,
2023-12-13T07:44:22.4952545Z,29.544989,,
2023-12-13T08:12:33.6642608Z,29.038248,,
2023-12-13T10:46:18.4912414Z,28.537853,,
2023-12-13T13:34:29.3468475Z,29.048079,,
2023-12-13T13:47:27.6939544Z,29.560719,,
2023-12-13T14:00:27.2025909Z,30.072922,,
2023-12-13T14:13:16.8700103Z,30.581285,,
2023-12-13T14:26:07.9563598Z,31.088305,,
2023-12-13T14:39:03.0811157Z,31.600014,,
2023-12-13T14:51:51.6188201Z,32.10586,,
2023-12-13T15:06:00.8824462Z,32.60829,,
2023-12-13T15:20:26.0134887Z,33.11951,,
2023-12-13T15:34:40.4350128Z,33.624374,,
2023-12-13T15:48:58.9665374Z,34.131268,,
2023-12-13T16:03:13.4724426Z,34.636257,,
2023-12-13T16:17:30.4788208Z,35.142555,,
2023-12-13T16:31:42.4223327Z,35.646423,,
2023-12-13T16:45:54.8213958Z,36.14917,,
2023-12-13T17:00:11.8981628Z,36.655365,,
2023-12-13T17:14:27.6337432Z,37.161358,,
2023-12-13T17:28:33.1974182Z,37.661385,,
2023-12-13T17:42:54.2462005Z,38.169163,,
2023-12-13T17:57:06.6481323Z,38.672382,,
2023-12-13T18:11:13.4369659Z,39.173424,,
2023-12-13T18:25:30.4091949Z,39.67886,,
2023-12-13T18:36:40.6710968Z,40.18355,,
2023-12-13T18:47:14.0843505Z,40.69163,,
2023-12-13T18:57:49.443283Z,41.20375,,
2023-12-13T19:08:30.2075195Z,41.718647,,
2023-12-13T19:18:53.5107574Z,42.22066,,
2023-12-13T19:29:16.7584838Z,42.72127,,
2023-12-13T19:39:40.3336181Z,43.222565,,
2023-12-13T19:50:14.1830596Z,43.73361,,
2023-12-13T20:00:48.1414337Z,44.241695,,
2023-12-13T20:11:18.3148345Z,44.74866,,
2023-12-13T20:21:44.9458007Z,45.253185,,
2023-12-13T20:32:10.7216796Z,45.756042,,
2023-12-13T20:42:45.8234252Z,46.266937,,
2023-12-13T21:00:25.1061553Z,46.767197,,
2023-12-13T21:23:41.930252Z,47.27146,,
2023-12-13T21:47:02.2513885Z,47.778038,,
2023-12-13T22:10:14.968811Z,48.28175,,
2023-12-13T22:33:30.8907623Z,48.78711,,
2023-12-13T22:56:47.7012634Z,49.291447,,
2023-12-13T23:19:58.1579132Z,49.79455,,
2023-12-13T23:43:04.3915252Z,50.295856,,
2023-12-14T00:06:16.6114044Z,50.799488,,
2023-12-14T00:29:26.062973Z,51.301846,,
2023-12-14T00:52:37.1174316Z,51.805077,,
2023-12-14T01:04:38.8902435Z,52.305458,,
2023-12-14T01:13:58.1244049Z,52.806232,,
2023-12-14T01:23:31.3706665Z,53.32058,,
2023-12-14T01:32:59.3656005Z,53.828403,,
2023-12-14T01:42:30.7780914Z,54.3399,,
2023-12-14T01:52:03.5087738Z,54.85392,,
2023-12-14T02:01:21.9368591Z,55.354305,,
2023-12-14T02:10:48.4679412Z,55.862133,,
2023-12-14T02:20:16.1899108Z,56.370888,,
2023-12-14T02:29:45.9842681Z,56.880264,,
2023-12-14T02:39:07.743515Z,57.38329,,
2023-12-14T02:48:29.3208312Z,57.88557,,
2023-12-14T02:57:59.9998779Z,58.395287,,
2023-12-14T03:07:20.5683898Z,58.897842,,
2023-12-14T03:16:47.6152191Z,59.406666,,
2023-12-14T03:26:20.9869537Z,59.91991,,
2023-12-14T03:35:46.4361877Z,60.42761,,
2023-12-14T03:45:18.1583862Z,60.940163,,
2023-12-14T03:54:44.6792297Z,61.447945,,
2023-12-14T04:04:21.1795043Z,61.963825,,
2023-12-14T04:13:41.9261322Z,62.466503,,
2023-12-14T04:23:12.7398834Z,62.97631,,
2023-12-14T04:32:43.0022735Z,63.488827,,
2023-12-14T04:42:16.5389556Z,64.00102,,
2023-12-14T04:51:44.833496Z,64.51092,,
2023-12-14T05:01:12.420578Z,65.0169,,
2023-12-14T05:10:31.2765045Z,65.520004,,
2023-12-14T05:20:00.4308929Z,66.02808,,
2023-12-14T05:29:24.5613098Z,66.53355,,
2023-12-14T05:38:29.8385009Z,67.04099,,
2023-12-14T05:47:16.2032318Z,67.55858,,
2023-12-14T05:56:01.7290039Z,68.07434,,
2023-12-14T06:04:44.5854644Z,68.59168,,
2023-12-14T06:13:20.4954071Z,69.09855,,
2023-12-14T06:21:58.3379364Z,69.60793,,
2023-12-14T06:30:37.5919036Z,70.11991,,
2023-12-14T06:39:13.9586791Z,70.62816,,
2023-12-14T06:47:54.7331695Z,71.14081,,
2023-12-14T06:56:24.6392974Z,71.642975,,
2023-12-14T07:05:10.2498321Z,72.16,,
2023-12-14T07:13:50.2344512Z,72.67135,,
2023-12-14T07:22:30.8286132Z,73.184296,,
2023-12-14T07:31:09.9465332Z,73.69393,,
2023-12-14T07:39:46.1341705Z,74.203575,,
2023-12-14T07:48:13.7229614Z,74.70405,,
2023-12-14T07:56:54.1685943Z,75.21577,,
2023-12-14T08:05:31.1907348Z,75.72526,,
2023-12-14T08:14:03.4925689Z,76.22746,,
2023-12-14T08:31:48.9387969Z,76.729805,,
2023-12-14T09:03:33.13031Z,77.22982,,
2023-12-14T09:35:27.8663787Z,77.732704,,
2023-12-14T10:07:16.7771911Z,78.23369,,
2023-12-14T10:39:04.9888458Z,78.73458,,
2023-12-14T11:11:00.9507598Z,79.23764,,
2023-12-14T11:42:56.3051147Z,79.740456,,
2023-12-14T12:28:16.4726409Z,79.22953,,
2023-12-14T12:38:41.3320312Z,78.72636,,
2023-12-14T12:49:12.823471Z,78.216965,,
2023-12-14T12:59:39.2232208Z,77.71121,,
2023-12-14T13:10:15.7089843Z,77.19814,,
2023-12-14T13:20:42.3678588Z,76.6933,,
2023-12-14T13:31:21.1355895Z,76.17782,,
2023-12-14T14:36:34.5171051Z,75.67747,,
2023-12-14T16:29:50.9247283Z,75.17706,,
2023-12-14T17:35:43.6440734Z,74.67494,,
2023-12-14T18:33:03.1179809Z,74.17293,,
2023-12-14T19:12:18.8272857Z,73.66606,,
2023-12-14T19:28:11.3256072Z,73.16441,,
2023-12-14T19:44:19.8154449Z,72.65489,,
2023-12-14T20:00:12.6730194Z,72.15276,,
2023-12-14T20:16:09.6430053Z,71.6491,,
2023-12-14T20:32:02.7570343Z,71.147064,,
2023-12-14T20:48:09.1074523Z,70.63883,,
2023-12-14T21:04:12.3389129Z,70.13134,,
2023-12-14T21:20:07.5289306Z,69.628944,,
2023-12-14T21:36:12.7093048Z,69.12081,,
2023-12-14T21:52:15.1808776Z,68.614174,,
2023-12-14T22:08:17.8314361Z,68.10675,,
2023-12-14T22:24:12.209671Z,67.604004,,
2023-12-14T22:40:23.0485076Z,67.09349,,
2023-12-14T22:56:14.7208404Z,66.59161,,
2023-12-14T23:12:08.2482604Z,66.089935,,
2023-12-14T23:27:23.3712005Z,65.57656,,
2023-12-14T23:36:20.53479Z,65.06847,,
2023-12-14T23:45:09.3303222Z,64.56714,,
2023-12-14T23:54:14.8223876Z,64.04931,,
2023-12-15T00:03:08.027481Z,63.54514,,
2023-12-15T00:12:04.2164459Z,63.03528,,
2023-12-15T00:21:04.1531829Z,62.523167,,
2023-12-15T00:29:58.7794342Z,62.017075,,
2023-12-15T00:38:56.1322479Z,61.50768,,
2023-12-15T00:47:57.0070953Z,60.994984,,
2023-12-15T00:56:59.9796752Z,60.480747,,
2023-12-15T01:06:00.5622863Z,59.967583,,
2023-12-15T01:15:00.0528717Z,59.45653,,
2023-12-15T01:23:54.3751831Z,58.948784,,
2023-12-15T01:32:45.6997528Z,58.445396,,
2023-12-15T01:41:43.3809509Z,57.93496,,
2023-12-15T01:50:41.3494415Z,57.424995,,
2023-12-15T01:59:30.166336Z,56.92431,,
2023-12-15T02:08:19.1886901Z,56.422424,,
2023-12-15T02:17:12.4628906Z,55.916183,,
2023-12-15T02:26:08.7516784Z,55.408756,,
2023-12-15T02:34:59.6621704Z,54.905308,,
2023-12-15T02:44:06.2242736Z,54.387936,,
2023-12-15T02:53:01.5921325Z,53.880264,,
2023-12-15T03:01:48.8617248Z,53.3802,,
2023-12-15T03:10:41.3757019Z,52.87423,,
2023-12-15T03:19:30.7690734Z,52.372818,,
2023-12-15T03:28:30.8479766Z,51.860485,,
2023-12-15T03:37:22.3990478Z,51.357216,,
2023-12-15T11:03:11.5207672Z,50.853104,,
2023-12-15T11:14:05.669342Z,50.346775,,
2023-12-15T11:25:04.052246Z,49.837475,,
2023-12-15T11:36:00.2467956Z,49.331276,,
2023-12-15T11:46:56.7702941Z,48.823624,,
2023-12-15T11:57:57.2753143Z,48.31331,,
2023-12-15T12:08:59.7882843Z,47.801136,,
2023-12-15T12:19:46.0536041Z,47.30113,,
2023-12-15T12:30:33.6392364Z,46.800125,,
2023-12-15T12:50:48.239212Z,46.294186,,
2023-12-15T13:11:28.0352478Z,45.79075,,
2023-12-15T13:32:10.1597137Z,45.286095,,
2023-12-15T14:30:25.8610534Z,44.786026,,
2023-12-15T16:11:21.3599395Z,44.28571,,
2023-12-15T17:09:14.0930633Z,43.78048,,
2023-12-15T17:30:27.7657318Z,43.2761,,
2023-12-15T17:51:42.9830627Z,42.77219,,
2023-12-15T18:13:01.8062591Z,42.265945,,
2023-12-15T18:34:13.4516296Z,41.763412,,
2023-12-15T18:55:19.0610656Z,41.262745,,
2023-12-15T19:16:34.2907562Z,40.758316,,
2023-12-15T19:37:48.1525878Z,40.2541,,
2023-12-15T19:59:00.4429168Z,39.751484,,
2023-12-15T20:20:15.0518646Z,39.246754,,
2023-12-15T20:41:24.8211212Z,38.744053,,
2023-12-15T21:02:46.5215759Z,38.23744,,
2023-12-15T21:44:05.289093Z,37.737125,,
2023-12-15T23:36:50.7869415Z,37.235443,,
2023-12-16T01:29:32.8008728Z,36.733913,,
2023-12-16T03:21:54.4730224Z,36.233734,,
2023-12-16T04:04:27.4799499Z,35.72205,,
2023-12-16T04:12:13.1619873Z,35.21328,,
2023-12-16T04:20:05.7425384Z,34.699024,,
2023-12-16T04:27:51.5639953Z,34.189926,,
2023-12-16T04:35:31.5090942Z,33.688046,,
2023-12-16T04:43:29.9039459Z,33.164707,,
2023-12-16T04:51:32.2057647Z,32.639805,,
2023-12-16T04:59:13.9193267Z,32.13539,,
2023-12-16T05:06:59.3141479Z,31.6266,,
2023-12-16T05:14:52.5582733Z,31.110315,,
2023-12-16T05:22:49.2874145Z,30.589975,,
2023-12-16T05:30:29.2023315Z,30.086308,,
2023-12-16T05:38:20.8440093Z,29.573036,,
2023-12-16T05:46:00.616333Z,29.070827,,
2023-12-16T05:53:40.711914Z,28.568989,,
2023-12-16T06:01:19.4157409Z,28.06746,,
2023-12-16T06:09:04.8245391Z,27.559607,,
2023-12-16T06:16:45.0524291Z,27.057219,,
2023-12-16T06:24:31.9363555Z,26.545486,,
2023-12-16T06:32:19.5519256Z,26.035461,,
2023-12-16T06:39:59.109848Z,25.533876,,
2023-12-16T06:47:38.6921844Z,25.032574,,
2023-12-16T06:55:26.5594635Z,24.520903,,
2023-12-16T07:03:20.3337707Z,24.003975,,
2023-12-16T07:10:58.9094696Z,23.50386,,
2023-12-16T07:18:52.2216186Z,22.98803,,
2023-12-16T07:26:31.0595092Z,22.487131,,
2023-12-16T07:34:20.126358Z,21.974388,,
2023-12-16T07:42:00.8166656Z,21.472294,,
2023-12-16T07:49:43.6257476Z,20.966587,,
2023-12-16T07:57:22.0632934Z,20.465761,,
2023-12-16T08:05:02.261734Z,19.963123,,
2023-12-16T08:12:44.1722106Z,19.46026,,
2023-12-16T08:20:33.9524536Z,18.946487,,
2023-12-16T08:28:13.4920959Z,18.443913,,
2023-12-16T08:36:07.1554107Z,17.928,,
2023-12-16T08:44:06.1115875Z,17.404242,,
2023-12-16T08:51:51.066574Z,16.896725,,
2023-12-16T08:59:51.5692749Z,16.373468,,
2023-12-16T09:07:35.0592041Z,15.866205,,
2023-12-16T09:15:20.0149078Z,15.35901,,
2023-12-16T09:23:17.4454498Z,14.837161,,
2023-12-16T09:31:12.4754333Z,14.320649,,
2023-12-16T09:39:06.1826019Z,13.801735,,
2023-12-16T09:47:00.3686523Z,13.284456,,
2023-12-16T09:54:41.9034271Z,12.780084,,
2023-12-16T10:02:25.755722Z,12.273475,,
2023-12-16T10:10:12.5673522Z,11.762852,,
2023-12-16T10:17:52.3694Z,11.262323,,
2023-12-16T10:25:47.5542755Z,10.743074,,
2023-12-16T10:33:36.0575866Z,10.230352,,
2023-12-16T10:41:19.4313507Z,9.724402,,
2023-12-16T11:18:45.1733551Z,9.2243595,,
2023-12-16T14:38:36.5629272Z,8.718437,,
2023-12-16T14:48:29.4393463Z,8.213015,,
2023-12-16T14:58:22.3440246Z,7.708934,,
2023-12-16T15:08:14.8043212Z,7.2031584,,
2023-12-16T15:18:16.803421Z,6.69133,,
2023-12-16T15:28:18.655487Z,6.1791224,,
2023-12-16T15:38:05.8996734Z,5.677885,,
2023-12-16T15:48:04.6901245Z,5.1685476,,
2023-12-16T15:58:04.3479461Z,4.6574025,,
2023-12-16T16:07:54.2070465Z,4.1552615,,
2023-12-16T16:17:44.8424072Z,3.652331,,
2023-12-16T19:52:01.2819671Z,4.1534047,,
2023-12-16T22:01:55.9388732Z,4.672141,,
2023-12-16T22:10:04.8400573Z,5.176026,,
2023-12-16T22:18:21.6061706Z,5.6885056,,
2023-12-16T22:26:35.6267242Z,6.197702,,
2023-12-16T22:34:56.8632812Z,6.714202,,
2023-12-16T22:43:18.5306701Z,7.2310357,,
2023-12-16T22:51:30.8471984Z,7.7381735,,
2023-12-16T22:59:58.8004608Z,8.259758,,
2023-12-16T23:08:26.0172729Z,8.783039,,
2023-12-16T23:16:34.3119201Z,9.285524,,
2023-12-16T23:24:41.1478118Z,9.7866335,,
2023-12-16T23:32:57.0402984Z,10.299439,,
2023-12-16T23:41:14.1097106Z,10.812828,,
2023-12-16T23:49:24.2872009Z,11.316888,,
2023-12-16T23:57:42.8079528Z,11.829086,,
2023-12-17T00:05:54.7545623Z,12.335844,,
2023-12-17T00:14:00.7928161Z,12.836635,,
2023-12-17T00:22:24.7893676Z,13.3564825,,
2023-12-17T00:30:33.7825927Z,13.861629,,
2023-12-17T00:39:03.050827Z,14.384213,,
2023-12-17T00:47:16.3179168Z,14.892237,,
2023-12-17T00:55:39.5668182Z,15.411034,,
2023-12-17T01:03:56.9165039Z,15.92378,,
2023-12-17T01:12:12.6047973Z,16.433739,,
2023-12-17T01:20:29.4645385Z,16.946127,,
2023-12-17T01:29:26.9167175Z,17.44957,,
2023-12-17T01:42:14.1094512Z,17.954466,,
2023-12-17T01:55:01.8422546Z,18.459204,,
2023-12-17T02:08:03.3801574Z,18.973923,,
2023-12-17T02:20:44.357727Z,19.474827,,
2023-12-17T02:33:40.1680145Z,19.985197,,
2023-12-17T02:46:30.8723602Z,20.493334,,
2023-12-17T02:59:16.7008361Z,20.996792,,
2023-12-17T03:12:14.1788177Z,21.507738,,
2023-12-17T03:25:00.0514831Z,22.011835,,
2023-12-17T03:37:52.4829101Z,22.520357,,
2023-12-17T03:50:40.4239501Z,23.026234,,
2023-12-17T04:03:30.0639648Z,23.53276,,
2023-12-17T04:16:15.1391754Z,24.035215,,
2023-12-17T04:29:01.9964141Z,24.540941,,
2023-12-17T04:41:45.1613159Z,25.04232,,
2023-12-17T04:54:40.2634277Z,25.552378,,
2023-12-17T05:07:28.2595214Z,26.057915,,
2023-12-17T05:20:29.8735961Z,26.572021,,
2023-12-17T05:33:12.3559417Z,27.07376,,
2023-12-17T05:46:06.2934265Z,27.58343,,
2023-12-17T05:58:59.8303222Z,28.091776,,
2023-12-17T06:16:49.9575042Z,28.592848,,
2023-12-17T06:41:34.7489929Z,29.095463,,
2023-12-17T07:06:21.5892639Z,29.598679,,
2023-12-17T07:31:21.043457Z,30.105824,,
2023-12-17T07:56:16.774765Z,30.612204,,
2023-12-17T08:21:12.1332092Z,31.117376,,
2023-12-17T08:46:05.9906768Z,31.623608,,
2023-12-17T09:10:47.2791748Z,32.12481,,
2023-12-17T09:35:44.867279Z,32.63171,,
2023-12-17T10:22:36.0027465Z,33.13181,,
2023-12-17T12:58:06.1944732Z,33.632263,,
2023-12-17T15:33:44.8131103Z,34.13303,,
2023-12-17T17:57:48.9163208Z,34.63826,,
2023-12-17T18:15:04.3057708Z,35.140747,,
2023-12-17T18:32:30.0780944Z,35.646927,,
2023-12-17T18:49:58.0614318Z,36.15438,,
2023-12-17T19:07:14.6313323Z,36.657043,,
2023-12-17T19:24:41.8183441Z,37.163147,,
2023-12-17T19:41:54.8881683Z,37.66356,,
2023-12-17T19:59:26.4030151Z,38.172894,,
2023-12-17T20:16:56.6766815Z,38.681572,,
2023-12-17T20:34:20.1000366Z,39.18682,,
2023-12-17T20:51:33.3026123Z,39.687267,,
2023-12-17T21:08:48.2596588Z,40.18833,,
2023-12-17T21:26:04.8603057Z,40.69059,,
2023-12-17T21:43:24.0021209Z,41.19417,,
2023-12-17T22:00:40.6131591Z,41.696117,,
2023-12-17T22:33:27.0882415Z,41.19282,,
2023-12-17T22:54:11.0371246Z,40.68929,,
2023-12-17T23:14:51.4593048Z,40.1861,,
2023-12-17T23:35:28.2755126Z,39.68457,,
2023-12-17T23:56:27.5375518Z,39.174324,,
2023-12-18T00:17:17.6553039Z,38.666885,,
2023-12-18T00:38:11.2276Z,38.15925,,
2023-12-18T00:59:02.3877258Z,37.652096,,
2023-12-18T01:19:51.4974365Z,37.145824,,
2023-12-18T01:40:41.1232147Z,36.63917,,
2023-12-18T02:01:32.969284Z,36.13143,,
2023-12-18T02:22:18.5548858Z,35.625786,,
2023-12-18T02:42:57.7851715Z,35.124355,,
2023-12-18T03:03:42.7622222Z,34.619576,,
2023-12-18T03:24:29.7205352Z,34.11413,,
2023-12-18T03:45:12.1829986Z,33.60997,,
2023-12-18T04:05:57.7300567Z,33.10494,,
2023-12-18T04:29:09.2296905Z,32.604652,,
2023-12-18T04:54:54.935501Z,32.10345,,
2023-12-18T05:20:42.7172851Z,31.60135,,
2023-12-18T05:46:36.0834045Z,31.09764,,
2023-12-18T06:12:18.6809692Z,30.597416,,
2023-12-18T06:38:00.6260986Z,30.097242,,
2023-12-18T07:03:58.8995056Z,29.592222,,
2023-12-18T07:29:56.9998474Z,29.087065,,
2023-12-18T07:55:45.9231567Z,28.584572,,
2023-12-18T08:21:46.8094024Z,28.078442,,
2023-12-18T08:47:43.3995056Z,27.573595,,
2023-12-18T09:13:36.8988494Z,27.070032,,
2023-12-18T09:39:26.4727325Z,26.567257,,
2023-12-18T10:49:23.2516937Z,27.069105,,
2023-12-18T11:39:23.8162994Z,27.569353,,
2023-12-18T12:29:27.8746185Z,28.070625,,
2023-12-18T13:19:28.8743438Z,28.571587,,
2023-12-18T13:47:56.2979431Z,29.071978,,
2023-12-18T14:05:49.0747222Z,29.578918,,
2023-12-18T14:23:31.3755798Z,30.080221,,
2023-12-18T14:41:24.8095092Z,30.588032,,
2023-12-18T14:59:11.4978179Z,31.091003,,
2023-12-18T15:17:01.8928375Z,31.59643,,
2023-12-18T15:34:46.4053649Z,32.09933,,
2023-12-18T15:52:31.2089996Z,32.602577,,
2023-12-18T16:10:16.3344268Z,33.105213,,
2023-12-18T16:28:09.8765258Z,33.612656,,
2023-12-18T16:46:02.8470458Z,34.119053,,
2023-12-18T17:03:57.4413757Z,34.626873,,
2023-12-18T17:21:41.4337005Z,35.129543,,
2023-12-18T17:39:31.8579711Z,35.63543,,
2023-12-18T17:57:15.9224395Z,36.13755,,
2023-12-18T18:15:13.7801513Z,36.64616,,
2023-12-18T18:33:04.5025177Z,37.152267,,
2023-12-18T18:50:50.9498291Z,37.655437,,
2023-12-18T19:08:43.0277099Z,38.161945,,
2023-12-18T19:26:30.303421Z,38.66577,,
2023-12-18T19:44:23.134674Z,39.172962,,
2023-12-18T20:02:04.6127777Z,39.67377,,
2023-12-18T21:09:43.5145721Z,39.17299,,
2023-12-18T21:39:49.4914703Z,38.666748,,
2023-12-18T22:09:41.4761047Z,38.1644,,
2023-12-18T22:39:45.542984Z,37.658504,,
2023-12-18T23:09:37.2539825Z,37.156357,,
2023-12-18T23:39:37.668457Z,36.65156,,
2023-12-19T00:06:15.0031585Z,36.14344,,
2023-12-19T00:28:51.8964233Z,35.639725,,
2023-12-19T00:51:32.0480041Z,35.134026,,
2023-12-19T01:14:02.6850891Z,34.633263,,
2023-12-19T01:36:32.1927185Z,34.132416,,
2023-12-19T01:59:10.0746002Z,33.628593,,
2023-12-19T02:21:40.0207061Z,33.127052,,
2023-12-19T02:44:22.8280029Z,32.6209,,
2023-12-19T03:07:05.4646759Z,32.115383,,
2023-12-19T03:29:48.5018768Z,31.609299,,
2023-12-19T03:52:18.0327453Z,31.108051,,
2023-12-19T04:14:47.3630218Z,30.607569,,
2023-12-19T06:56:08.2759399Z,30.106987,,
2023-12-19T14:03:17.7238464Z,29.606653,,
2023-12-19T15:26:51.3256683Z,29.106548,,
2023-12-19T16:50:21.8099822Z,28.606503,,
2023-12-19T18:13:57.1419525Z,28.10592,,
2023-12-19T19:37:39.6330566Z,27.604788,,
2023-12-19T20:57:41.9883575Z,28.1064,,
2023-12-19T21:49:31.3122253Z,28.609425,,
2023-12-19T22:41:21.0894927Z,29.11266,,
2023-12-19T22:57:39.379486Z,29.616524,,
2023-12-19T23:10:12.5327606Z,30.118156,,
2023-12-19T23:22:51.368576Z,30.620457,,
2023-12-19T23:35:24.1056823Z,31.12104,,
2023-12-19T23:48:06.5604248Z,31.626816,,
2023-12-20T00:00:43.2286682Z,32.128822,,
2023-12-20T00:13:17.1345672Z,32.6305,,
2023-12-20T00:26:04.2648162Z,33.140423,,
2023-12-20T00:38:48.0798339Z,33.647266,,
2023-12-20T00:51:33.3944854Z,34.155323,,
2023-12-20T01:04:22.250534Z,34.666336,,
2023-12-20T01:17:13.0622863Z,35.178146,,
2023-12-20T01:30:06.0895996Z,35.692318,,
2023-12-20T01:42:57.3619079Z,36.20382,,
2023-12-20T01:55:52.6002502Z,36.71898,,
2023-12-20T02:08:45.6202392Z,37.23267,,
2023-12-20T02:21:17.6140899Z,37.734077,,
2023-12-20T02:34:08.4521484Z,38.24439,,
2023-12-20T02:46:41.1786651Z,38.745045,,
2023-12-20T02:59:36.7846832Z,39.259045,,
2023-12-20T03:12:17.0498809Z,39.763817,,
2023-12-20T03:25:12.4208679Z,40.27908,,
2023-12-20T03:38:03.3200225Z,40.791435,,
2023-12-20T03:50:40.4207153Z,41.294216,,
2023-12-20T04:03:18.4602661Z,41.797817,,
2023-12-20T04:15:56.736557Z,42.300995,,
2023-12-20T04:28:29.6029663Z,42.80138,,
2023-12-20T04:43:52.0745697Z,43.303764,,
2023-12-20T05:01:42.4878845Z,43.809277,,
2023-12-20T05:19:32.8228759Z,44.316364,,
2023-12-20T05:37:22.1798553Z,44.82259,,
2023-12-20T05:55:07.9112854Z,45.32711,,
2023-12-20T06:12:48.7102508Z,45.830032,,
2023-12-20T06:30:29.0362243Z,46.33233,,
2023-12-20T06:48:10.1728363Z,46.834263,,
2023-12-20T07:06:04.1543731Z,47.342113,,
2023-12-20T07:23:59.8981933Z,47.8508,,
2023-12-20T07:41:58.7523193Z,48.361557,,
2023-12-20T07:59:47.0397186Z,48.867535,,
2023-12-20T08:17:38.8359069Z,49.3746,,
2023-12-20T08:35:32.7174072Z,49.883305,,
2023-12-20T08:53:24.8665008Z,50.39066,,
2023-12-20T09:11:21.4970855Z,50.90056,,
2023-12-20T09:28:59.2621002Z,51.401577,,
2023-12-20T09:46:46.5918884Z,51.90657,,
2023-12-20T10:03:32.6284027Z,52.41703,,
2023-12-20T10:19:19.2693939Z,52.923023,,
2023-12-20T10:35:02.9255828Z,53.42802,,
2023-12-20T10:50:44.3318328Z,53.930954,,
2023-12-20T11:06:20.8848419Z,54.431152,,
2023-12-20T11:22:07.3355102Z,54.937424,,
2023-12-20T11:37:48.1482391Z,55.440674,,
2023-12-20T11:53:30.7093811Z,55.944748,,
2023-12-20T12:09:16.7155303Z,56.449684,,
2023-12-20T12:24:57.9985351Z,56.953804,,
2023-12-20T12:40:46.1334533Z,57.460625,,
2023-12-20T12:56:29.7465972Z,57.96454,,
2023-12-20T13:12:10.9700469Z,58.46846,,
2023-12-20T13:28:01.0068054Z,58.97534,,
2023-12-20T13:43:48.5868072Z,59.481712,,
2023-12-20T16:00:42.6114349Z,59.98189,,
2023-12-20T18:20:50.0056915Z,60.482414,,
2023-12-20T20:02:53.0106658Z,59.98026,,
2023-12-20T20:21:36.5042266Z,59.474586,,
2023-12-20T20:40:13.0505981Z,58.970795,,
2023-12-20T21:15:22.5774841Z,59.479046,,
2023-12-20T21:40:46.9490051Z,59.979675,,
2023-12-20T22:06:22.1690521Z,60.48472,,
2023-12-20T22:32:12.9426422Z,60.993645,,
2023-12-20T22:57:44.6413269Z,61.49689,,
2023-12-20T23:23:25.6495361Z,62.003307,,
2023-12-20T23:49:13.1093444Z,62.511845,,
2023-12-21T00:14:43.8073577Z,63.01534,,
2023-12-21T00:40:28.4153442Z,63.522606,,
2023-12-21T01:06:12.3139801Z,64.03031,,
2023-12-21T01:31:53.9637908Z,64.53701,,
2023-12-21T01:57:47.7274017Z,65.047264,,
2023-12-21T02:23:12.1315612Z,65.54848,,
2023-12-21T06:44:09.8064117Z,5.0903993,,
2023-12-21T06:44:27.3707885Z,16.192055,,
2023-12-21T06:44:45.052185Z,25.561937,,
2023-12-21T06:45:02.8388519Z,33.48665,,
2023-12-21T07:20:08.6770782Z,33.98728,,
2023-12-21T07:55:19.8217315Z,34.4894,,
2023-12-21T08:30:45.0329284Z,34.994164,,
2023-12-21T09:05:49.4399719Z,35.494442,,
2023-12-21T09:41:03.405487Z,35.997086,,
2023-12-21T11:11:15.2361602Z,35.492626,,
2023-12-21T11:39:55.0841979Z,34.988487,,
2023-12-21T12:08:30.9272155Z,34.48533,,
2023-12-21T12:37:02.4401092Z,33.983837,,
2023-12-21T13:05:47.3701782Z,33.478264,,
2023-12-21T13:34:17.6097412Z,32.97738,,
2023-12-21T14:03:01.5358276Z,32.472042,,
2023-12-21T14:31:42.2438659Z,31.967482,,
2023-12-21T15:00:23.7181854Z,31.463133,,
2023-12-21T15:29:06.5147705Z,30.958374,,
2023-12-21T15:57:35.4823303Z,30.457579,,
2023-12-21T16:26:02.9031372Z,29.957014,,
2023-12-21T16:54:42.9621276Z,29.452866,,
2023-12-21T17:46:45.6613922Z,29.957806,,
2023-12-21T18:05:14.9277954Z,30.45944,,
2023-12-21T18:24:01.5828399Z,30.968456,,
2023-12-21T18:42:26.1238098Z,31.468645,,
2023-12-21T19:00:58.9834747Z,31.971882,,
2023-12-21T19:19:42.6986389Z,32.47938,,
2023-12-21T19:38:24.589569Z,32.98685,,
2023-12-21T21:13:30.3164978Z,33.488262,,
2023-12-21T23:31:03.4677581Z,33.989212,,
2023-12-22T01:48:39.2191314Z,34.49015,,
2023-12-22T06:59:17.7621612Z,33.990047,,
2023-12-22T07:30:05.1025238Z,33.485527,,
2023-12-22T08:00:43.9083251Z,32.982864,,
2023-12-22T08:31:24.9131927Z,32.48073,,
2023-12-22T09:02:05.6543273Z,31.97822,,
2023-12-22T09:32:46.3682708Z,31.475773,,
2023-12-22T10:03:23.4713897Z,30.974104,,
2023-12-22T13:49:02.3005065Z,31.474201,,
2023-12-22T16:24:26.2047424Z,31.975264,,
2023-12-22T17:32:38.0848846Z,31.466553,,
2023-12-22T17:45:46.7796478Z,30.965714,,
2023-12-22T17:59:14.8105773Z,30.451962,,
2023-12-22T18:12:25.5381317Z,29.949799,,
2023-12-22T18:25:41.9190979Z,29.444176,,
2023-12-22T18:38:57.6505889Z,28.938213,,
2023-12-22T18:52:23.4124603Z,28.425991,,
2023-12-22T19:05:31.0481414Z,27.925972,,
2023-12-22T19:18:51.764038Z,27.41753,,
2023-12-22T19:32:11.900238Z,26.908392,,
2023-12-22T20:09:37.2316741Z,26.407433,,
2023-12-22T20:51:11.4156646Z,25.902933,,
2023-12-22T21:32:20.8291931Z,25.402185,,
2023-12-22T22:13:34.2389526Z,24.901043,,
2023-12-22T22:54:51.237442Z,24.399376,,
2023-12-22T23:36:03.4467926Z,23.89875,,
2023-12-23T00:17:18.8857421Z,23.397263,,
2023-12-23T00:58:36.2844696Z,22.895422,,
2023-12-23T01:33:16.2167053Z,22.395065,,
2023-12-23T02:07:09.1000671Z,21.891796,,
2023-12-23T02:41:01.7491607Z,21.388172,,
2023-12-23T03:14:50.6198272Z,20.88608,,
2023-12-23T03:48:45.0370178Z,20.382277,,
2023-12-23T04:22:30.4449768Z,19.881205,,
2023-12-23T04:56:17.7643737Z,19.379328,,
2023-12-23T05:30:18.4506225Z,18.87425,,
2023-12-23T06:04:07.0874786Z,18.371866,,
2023-12-23T06:45:45.1940612Z,18.87444,,
2023-12-23T07:10:22.0868072Z,19.377434,,
2023-12-23T07:34:58.1860656Z,19.88035,,
2023-12-23T07:59:30.4919433Z,20.382006,,
2023-12-23T08:24:12.072647Z,20.886885,,
2023-12-23T08:49:00.2332763Z,21.394022,,
2023-12-23T09:13:46.3140258Z,21.900879,,
2023-12-23T09:38:16.1558837Z,22.40207,,
2023-12-23T10:02:50.8073883Z,22.904846,,
2023-12-23T10:27:33.3619842Z,23.409891,,
2023-12-23T10:47:10.7190399Z,23.928276,,
2023-12-23T10:55:53.5680389Z,24.430288,,
2023-12-23T11:04:57.5305175Z,24.951649,,
2023-12-23T11:13:40.9950866Z,25.454195,,
2023-12-23T11:22:26.3071899Z,25.95851,,
2023-12-23T11:31:16.2993011Z,26.4685,,
2023-12-23T11:40:18.4080352Z,26.98734,,
2023-12-23T11:49:21.9659118Z,27.508224,,
2023-12-23T11:58:12.1888122Z,28.017279,,
2023-12-23T12:07:01.3717346Z,28.525257,,
2023-12-23T12:15:46.6155395Z,29.02959,,
2023-12-23T12:24:51.9153137Z,29.552221,,
2023-12-23T12:33:44.2129821Z,30.062616,,
2023-12-23T12:42:41.0572662Z,30.57823,,
2023-12-23T12:51:25.3331604Z,31.08085,,
2023-12-23T13:00:13.7593688Z,31.589014,,
2023-12-23T13:09:00.873825Z,32.09402,,
2023-12-23T13:18:01.0198669Z,32.61285,,
2023-12-23T13:26:45.0843505Z,33.11542,,
2023-12-23T13:35:41.3772125Z,33.63047,,
2023-12-23T13:44:29.9444274Z,34.13704,,
2023-12-23T13:53:27.6439971Z,34.652794,,
2023-12-23T14:02:12.1657409Z,35.17596,,
2023-12-23T14:10:18.0246429Z,35.695793,,
2023-12-23T14:18:15.0381317Z,36.2079,,
2023-12-23T14:26:06.9467315Z,36.712822,,
2023-12-23T14:34:07.1735687Z,37.226387,,
2023-12-23T14:42:07.8319396Z,37.740765,,
2023-12-23T14:50:13.0122833Z,38.25913,,
2023-12-23T14:58:01.217575Z,38.76151,,
2023-12-23T15:06:00.2738494Z,39.273083,,
2023-12-23T15:13:56.0826416Z,39.782116,,
2023-12-23T15:21:46.7607727Z,40.287056,,
2023-12-23T15:29:46.9972686Z,40.801064,,
2023-12-23T15:37:38.943161Z,41.304977,,
2023-12-23T15:45:38.9627075Z,41.81935,,
2023-12-23T15:53:43.2238311Z,42.337975,,
2023-12-23T16:01:41.7885742Z,42.85186,,
2023-12-23T16:09:39.6119232Z,43.361156,,
2023-12-23T16:17:47.6243896Z,43.88337,,
2023-12-23T16:27:56.0690765Z,44.38343,,
2023-12-23T17:08:33.7231903Z,44.8845,,
2023-12-23T17:44:04.9264984Z,45.385643,,
2023-12-23T17:55:44.4121246Z,45.886303,,
2023-12-23T18:07:24.8806152Z,46.38795,,
2023-12-23T18:19:06.9319Z,46.89145,,
2023-12-23T18:30:45.6033172Z,47.393078,,
2023-12-23T18:42:30.0824737Z,47.896618,,
2023-12-23T18:54:20.1171722Z,48.405254,,
2023-12-23T19:06:20.6281433Z,48.921215,,
2023-12-23T19:18:23.0468139Z,49.43884,,
2023-12-23T19:30:01.6722259Z,49.939556,,
2023-12-23T19:41:52.2089385Z,50.44832,,
2023-12-23T19:53:32.3379974Z,50.949932,,
2023-12-23T20:05:21.9039611Z,51.458134,,
2023-12-23T20:17:13.404541Z,51.96801,,
2023-12-23T20:28:56.4317169Z,52.47138,,
2023-12-23T20:40:55.0199432Z,52.985664,,
2023-12-23T20:52:51.304779Z,53.49883,,
2023-12-23T21:04:35.2568511Z,54.003223,,
2023-12-23T21:16:15.2160034Z,54.505333,,
2023-12-23T21:28:12.2308044Z,55.018856,,
2023-12-23T21:40:00.7646942Z,55.525887,,
2023-12-23T21:51:55.3402862Z,56.037884,,
2023-12-23T22:03:54.6722106Z,56.553436,,
2023-12-23T22:15:52.4650421Z,57.067875,,
2023-12-23T22:27:35.4158172Z,57.571377,,
2023-12-23T22:39:24.9038848Z,58.07884,,
2023-12-23T22:51:06.8720397Z,58.582172,,
2023-12-23T23:02:49.5165557Z,59.085526,,
2023-12-23T23:14:48.3828582Z,59.600235,,
2023-12-23T23:26:44.5976104Z,60.113785,,
2023-12-23T23:38:34.6661987Z,60.62247,,
2023-12-23T23:48:07.1348571Z,61.14198,,
2023-12-23T23:57:17.3142547Z,61.64481,,
2023-12-24T00:06:31.8106994Z,62.15546,,
2023-12-24T00:15:38.3948516Z,62.6562,,
2023-12-24T00:24:58.3210601Z,63.169563,,
2023-12-24T00:34:04.4904022Z,63.67116,,
2023-12-24T00:43:30.4808502Z,64.190735,,
2023-12-24T00:52:52.269699Z,64.70481,,
2023-12-24T01:02:00.6560211Z,65.2088,,
2023-12-24T01:11:22.6665344Z,65.72475,,
2023-12-24T01:20:35.5852355Z,66.23133,,
2023-12-24T01:29:41.6971282Z,66.7322,,
2023-12-24T01:39:08.4954528Z,67.25125,,
2023-12-24T01:48:18.8827514Z,67.755974,,
2023-12-24T01:57:41.4785614Z,68.27273,,
2023-12-24T02:07:03.3746032Z,68.78795,,
2023-12-24T02:16:14.5158081Z,69.29297,,
2023-12-24T02:25:23.7376251Z,69.796486,,
2023-12-24T02:34:31.4748382Z,70.29981,,
2023-12-24T02:43:47.9076232Z,70.80899,,
2023-12-24T02:52:55.309616Z,71.311775,,
2023-12-24T03:02:09.0717315Z,71.82015,,
2023-12-24T03:11:24.1696624Z,72.32917,,
2023-12-24T03:20:31.0367126Z,72.83034,,
2023-12-24T03:29:58.4139556Z,73.35007,,
2023-12-24T03:39:26.4516143Z,73.87127,,
2023-12-24T03:48:32.2824554Z,74.37245,,
2023-12-24T03:57:59.4749145Z,74.89191,,
2023-12-24T06:34:52.4755249Z,75.3956,,
2023-12-24T07:31:47.4828948Z,75.89733,,
2023-12-24T10:18:48.9313964Z,75.39598,,
2023-12-24T10:38:22.0019226Z,74.89539,,
2023-12-24T10:58:15.3184814Z,74.386185,,
2023-12-24T11:17:50.8842468Z,73.88413,,
2023-12-24T11:37:34.6982879Z,73.37882,,
2023-12-24T11:57:15.7384643Z,72.87571,,
2023-12-24T12:16:52.8767089Z,72.37294,,
2023-12-24T12:35:32.8743743Z,71.86867,,
2023-12-24T12:52:24.1487274Z,71.35761,,
2023-12-24T13:09:15.1173553Z,70.846504,,
2023-12-24T13:26:00.2152099Z,70.33866,,
2023-12-24T13:42:29.5812835Z,69.83845,,
2023-12-24T13:59:16.4617309Z,69.32941,,
2023-12-24T14:15:48.9654541Z,68.82829,,
2023-12-24T14:32:33.0921478Z,68.320404,,
2023-12-24T14:49:18.7576293Z,67.81254,,
2023-12-24T15:06:06.3212432Z,67.30299,,
2023-12-24T15:22:45.1239624Z,66.798195,,
2023-12-24T15:39:19.386795Z,66.29609,,
2023-12-24T15:56:00.5040283Z,65.79055,,
2023-12-24T16:12:46.0795135Z,65.28164,,
2023-12-24T17:19:55.9567718Z,65.782936,,
2023-12-24T18:00:02.6296844Z,65.27918,,
2023-12-24T18:13:51.7519836Z,64.7654,,
2023-12-24T18:27:34.4556121Z,64.255875,,
2023-12-24T18:41:12.3073883Z,63.751076,,
2023-12-24T18:54:43.4489135Z,63.245266,,
2023-12-24T19:08:28.9965057Z,62.73411,,
2023-12-24T19:22:10.6089019Z,62.22442,,
2023-12-24T19:35:42.6403198Z,61.72042,,
2023-12-24T19:49:25.373001Z,61.210968,,
2023-12-24T20:03:11.8644409Z,60.69895,,
2023-12-24T20:16:40.8584747Z,60.196907,,
2023-12-24T20:30:21.6777954Z,59.68752,,
2023-12-24T20:44:03.0900421Z,59.17841,,
2023-12-24T20:57:44.9510498Z,58.6693,,
2023-12-24T21:11:27.0481872Z,58.15956,,
2023-12-24T21:26:41.7278137Z,57.64825,,
2023-12-24T21:42:38.2756805Z,57.147545,,
2023-12-24T21:58:52.209732Z,56.63725,,
2023-12-24T22:14:51.2397918Z,56.13485,,
2023-12-24T22:30:55.0062866Z,55.629036,,
2023-12-24T22:47:03.6011199Z,55.12251,,
2023-12-24T23:02:59.1879119Z,54.622326,,
2023-12-24T23:19:12.6059417Z,54.1115,,
2023-12-24T23:35:10.4944152Z,53.610226,,
2023-12-24T23:57:09.8354187Z,53.10458,,
2023-12-25T00:31:03.3339538Z,52.603596,,
2023-12-25T01:04:57.3975372Z,52.103065,,
2023-12-25T01:39:07.238861Z,51.59835,,
2023-12-25T02:13:21.4502563Z,51.09255,,
2023-12-25T02:47:17.6572723Z,50.591293,,
2023-12-25T03:21:16.3517456Z,50.089417,,
2023-12-25T03:56:55.7147521Z,49.586452,,
2023-12-25T04:35:58.5910034Z,49.0813,,
2023-12-25T05:15:00.5779113Z,48.576405,,
2023-12-25T05:53:41.8644714Z,48.075745,,
2023-12-25T06:32:21.232727Z,47.57542,,
2023-12-25T07:07:16.4598693Z,47.07087,,
2023-12-25T07:29:13.2675018Z,46.564297,,
2023-12-25T07:51:00.9806365Z,46.06152,,
2023-12-25T08:12:55.7141876Z,45.556095,,
2023-12-25T08:34:59.1325836Z,45.04715,,
2023-12-25T08:56:52.9750366Z,44.54149,,
2023-12-25T09:18:33.2144927Z,44.041325,,
2023-12-25T09:35:54.7503204Z,43.539776,,
2023-12-25T09:49:17.0341796Z,43.03649,,
2023-12-25T10:02:37.3223571Z,42.534218,,
2023-12-25T10:16:01.4127044Z,42.029125,,
2023-12-25T10:29:23.8794097Z,41.52546,,
2023-12-25T10:42:53.5637512Z,41.017494,,
2023-12-25T10:56:12.1776428Z,40.516117,,
2023-12-25T11:09:37.0147552Z,40.01133,,
2023-12-25T11:22:55.0163116Z,39.510357,,
2023-12-25T11:40:43.2558593Z,39.007614,,
2023-12-25T12:42:03.3254394Z,38.504715,,
2023-12-25T13:43:29.7677154Z,38.001286,,
2023-12-25T14:44:52.5611114Z,37.49803,,
2023-12-25T15:18:31.1163482Z,36.991947,,
2023-12-25T15:46:24.3942108Z,36.48959,,
2023-12-25T16:14:36.0310211Z,35.982376,,
2023-12-25T16:42:41.8674468Z,35.47663,,
2023-12-25T17:10:44.4412841Z,34.97157,,
2023-12-25T17:38:49.5736694Z,34.466373,,
2023-12-25T18:06:41.175949Z,33.964577,,
2023-12-25T18:34:44.9463958Z,33.459473,,
2023-12-25T19:02:42.6925659Z,32.955353,,
2023-12-25T19:30:48.4338378Z,32.45011,,
2023-12-25T19:58:50.454895Z,31.94585,,
2023-12-25T20:26:40.1511535Z,31.444857,,
2023-12-25T20:54:30.6162109Z,30.943779,,
2023-12-25T21:22:19.9170074Z,30.442837,,
2023-12-25T21:50:12.401535Z,29.941433,,
2023-12-25T22:18:05.4532775Z,29.438961,,
2023-12-25T22:45:56.2201232Z,28.937876,,
2023-12-26T02:13:07.2270507Z,28.437569,,
2023-12-26T03:59:42.2299499Z,28.944427,,
2023-12-26T04:12:25.0064697Z,29.446865,,
2023-12-26T04:25:18.3950805Z,29.956215,,
2023-12-26T04:38:02.4404602Z,30.459053,,
2023-12-26T04:51:01.7211456Z,30.972605,,
2023-12-26T05:03:59.3956451Z,31.48504,,
2023-12-26T05:16:47.1762237Z,31.990566,,
2023-12-26T05:30:36.7315826Z,32.49479,,
2023-12-26T05:44:56.6166229Z,33.00161,,
2023-12-26T05:59:11.9148559Z,33.50662,,
2023-12-26T06:13:23.035614Z,34.009354,,
2023-12-26T06:27:41.1285705Z,34.51642,,
2023-12-26T06:41:57.9993286Z,35.022156,,
2023-12-26T06:56:09.0976257Z,35.525356,,
2023-12-26T07:10:23.4524078Z,36.0296,,
2023-12-26T07:24:54.6977386Z,36.54445,,
2023-12-26T07:39:20.9344787Z,37.056175,,
2023-12-26T07:53:33.0904235Z,37.559906,,
2023-12-26T08:07:45.8104553Z,38.06336,,
2023-12-26T08:22:01.5656433Z,38.568577,,
2023-12-26T08:36:29.8835601Z,39.081272,,
2023-12-26T08:50:44.9949493Z,39.586914,,
2023-12-26T09:02:30.6509857Z,40.087463,,
2023-12-26T09:13:08.362976Z,40.600414,,
2023-12-26T09:23:40.474533Z,41.108223,,
2023-12-26T09:34:20.1221618Z,41.62213,,
2023-12-26T09:45:08.393402Z,42.14322,,
2023-12-26T09:55:49.3540496Z,42.65833,,
2023-12-26T10:06:13.5116729Z,43.161156,,
2023-12-26T10:16:40.503952Z,43.66493,,
2023-12-26T10:27:20.5711364Z,44.178776,,
2023-12-26T10:37:46.1760559Z,44.682224,,
2023-12-26T10:48:32.046173Z,45.20155,,
2023-12-26T10:58:55.9691314Z,45.703537,,
2023-12-26T11:09:40.5832214Z,46.22131,,
2023-12-26T11:26:21.2744598Z,46.725628,,
2023-12-26T11:49:28.6012268Z,47.227154,,
2023-12-26T12:12:39.3159637Z,47.729683,,
2023-12-26T12:35:51.1044464Z,48.233204,,
2023-12-26T12:59:00.4437866Z,48.735405,,
2023-12-26T13:22:21.1779785Z,49.242435,,
2023-12-26T13:45:26.1511535Z,49.743217,,
2023-12-26T14:08:47.7697143Z,50.249825,,
2023-12-26T14:32:04.666397Z,50.75553,,
2023-12-26T14:55:27.5077819Z,51.26242,,
2023-12-26T15:18:41.1678314Z,51.76637,,
2023-12-26T15:32:03.1192016Z,52.2833,,
2023-12-26T15:41:36.0334014Z,52.795586,,
2023-12-26T15:51:00.5879821Z,53.301662,,
2023-12-26T16:00:27.9309692Z,53.80596,,
2023-12-26T16:10:02.5580139Z,54.32337,,
2023-12-26T16:19:29.9615936Z,54.83114,,
2023-12-26T16:28:57.4291839Z,55.34005,,
2023-12-26T16:38:30.3770904Z,55.852737,,
2023-12-26T16:47:53.9282073Z,56.357975,,
2023-12-26T16:57:33.5772399Z,56.87806,,
2023-12-26T17:07:17.2976379Z,57.400463,,
2023-12-26T17:16:40.702835Z,57.905964,,
2023-12-26T17:26:18.8411102Z,58.422863,,
2023-12-26T17:35:42.6230316Z,58.928417,,
2023-12-26T17:45:17.766098Z,59.44338,,
2023-12-26T17:55:01.6965942Z,59.965733,,
2023-12-26T18:04:33.7006988Z,60.478672,,
2023-12-26T18:14:10.1740722Z,60.994316,,
2023-12-26T18:23:32.663742Z,61.499134,,
2023-12-26T18:32:55.6126556Z,62.00375,,
2023-12-26T18:42:27.4035186Z,62.514824,,
2023-12-26T18:52:06.2238616Z,63.033806,,
2023-12-26T19:01:33.6754913Z,63.543045,,
2023-12-26T19:11:12.1299896Z,64.05855,,
2023-12-26T19:20:32.8770141Z,64.56225,,
2023-12-26T19:30:00.8311462Z,65.07106,,
2023-12-26T19:39:26.7738647Z,65.57744,,
2023-12-26T19:48:45.4847412Z,66.07787,,
2023-12-26T19:58:08.1999359Z,66.58243,,
2023-12-26T20:07:22.7443695Z,67.1024,,
2023-12-26T20:16:00.5068359Z,67.61241,,
2023-12-26T20:24:30.465805Z,68.11395,,
2023-12-26T20:33:12.6951293Z,68.62675,,
2023-12-26T20:41:43.4333496Z,69.13078,,
2023-12-26T20:50:30.049118Z,69.65013,,
2023-12-26T20:59:17.6060943Z,70.16883,,
2023-12-26T21:07:58.8743133Z,70.6815,,
2023-12-26T21:16:34.8882141Z,71.19005,,
2023-12-26T21:25:08.9891967Z,71.69521,,
2023-12-26T21:33:43.9058074Z,72.20263,,
2023-12-26T21:42:11.9890899Z,72.703186,,
2023-12-26T21:50:51.1045227Z,73.21342,,
2023-12-26T21:59:31.1253204Z,73.725586,,
2023-12-26T22:08:16.2380981Z,74.24191,,
2023-12-26T22:17:07.1761779Z,74.76487,,
2023-12-26T22:25:37.8998107Z,75.267746,,
2023-12-26T22:34:25.6463317Z,75.78711,,
2023-12-26T22:42:54.2509002Z,76.28804,,
2023-12-26T23:03:26.3189849Z,76.7897,,
2023-12-26T23:35:28.5898132Z,77.29423,,
2023-12-27T00:07:23.8450164Z,77.79707,,
2023-12-27T00:39:11.3640136Z,78.29749,,
2023-12-27T01:11:03.254898Z,78.79983,,
2023-12-27T01:43:13.6948242Z,79.3064,,
2023-12-27T02:15:08.0989685Z,79.808945,,
2023-12-27T02:54:44.6943664Z,79.29568,,
2023-12-27T03:05:14.1381683Z,78.78831,,
2023-12-27T03:15:48.6432495Z,78.277504,,
2023-12-27T03:26:12.0844726Z,77.77454,,
2023-12-27T03:36:45.7763671Z,77.26274,,
2023-12-27T03:47:06.7423248Z,76.76205,,
2023-12-27T03:57:37.5893859Z,76.253586,,
2023-12-27T04:47:25.1669769Z,75.75261,,
2023-12-27T06:40:51.645111Z,75.251366,,
2023-12-27T07:54:51.7550506Z,74.75136,,
2023-12-27T08:51:57.9807891Z,74.25117,,
2023-12-27T09:37:50.7677612Z,73.73913,,
2023-12-27T09:53:45.5516815Z,73.236145,,
2023-12-27T10:09:52.8493652Z,72.726845,,
2023-12-27T10:25:48.0415191Z,72.22394,,
2023-12-27T10:41:42.7529144Z,71.72071,,
2023-12-27T10:57:38.1759643Z,71.21845,,
2023-12-27T11:13:38.9206237Z,70.71284,,
2023-12-27T11:29:51.826065Z,70.20042,,
2023-12-27T11:45:51.2772521Z,69.69499,,
2023-12-27T12:01:51.3827667Z,69.189,,
2023-12-27T12:17:53.5538177Z,68.68298,,
2023-12-27T12:33:55.3703765Z,68.17698,,
2023-12-27T12:49:58.5166625Z,67.66991,,
2023-12-27T13:06:04.8366699Z,67.160446,,
2023-12-27T13:22:16.8718414Z,66.648605,,
2023-12-27T13:38:07.6332092Z,66.14849,,
2023-12-27T13:54:09.5707855Z,65.638885,,
2023-12-27T14:02:57.2434539Z,65.13694,,
2023-12-27T14:11:49.9988861Z,64.63393,,
2023-12-27T14:20:37.2347564Z,64.13296,,
2023-12-27T14:29:34.5147552Z,63.623356,,
2023-12-27T14:38:46.5453338Z,63.100662,,
2023-12-27T14:47:54.0856475Z,62.58082,,
2023-12-27T14:57:03.6994781Z,62.059986,,
2023-12-27T15:06:12.1123809Z,61.540558,,
2023-12-27T15:15:20.2093505Z,61.02056,,
2023-12-27T15:24:14.4075622Z,60.513577,,
2023-12-27T15:33:07.1759033Z,60.009087,,
2023-12-27T15:42:06.9688415Z,59.497456,,
2023-12-27T15:51:18.2890625Z,58.974342,,
2023-12-27T16:00:27.7607574Z,58.454414,,
2023-12-27T16:09:29.7482452Z,57.94057,,
2023-12-27T16:18:26.1522827Z,57.43105,,
2023-12-27T16:27:16.1051788Z,56.928955,,
2023-12-27T16:36:25.9257354Z,56.40722,,
2023-12-27T16:45:23.9231414Z,55.897594,,
2023-12-27T16:54:25.5768127Z,55.3832,,
2023-12-27T17:03:16.2833862Z,54.87986,,
2023-12-27T17:12:23.9902343Z,54.361553,,
2023-12-27T17:21:34.7741394Z,53.8388,,
2023-12-27T17:30:32.3026733Z,53.327747,,
2023-12-27T17:39:23.4982757Z,52.825718,,
2023-12-27T17:48:30.5854339Z,52.307373,,
2023-12-27T17:57:26.2622985Z,51.79952,,
2023-12-27T18:06:21.9010467Z,51.29083,,
2023-12-28T01:32:37.0169982Z,50.778645,,
2023-12-28T01:43:40.8052368Z,50.26654,,
2023-12-28T01:54:51.4177246Z,49.74801,,
2023-12-28T02:05:37.4562377Z,49.2477,,
2023-12-28T02:16:48.8370971Z,48.730087,,
2023-12-28T02:27:40.9966735Z,48.225513,,
2023-12-28T02:38:50.8369598Z,47.70784,,
2023-12-28T02:49:53.4290466Z,47.19566,,
2023-12-28T03:02:12.5328216Z,46.694633,,
2023-12-28T03:23:04.8733825Z,46.185757,,
2023-12-28T03:43:43.0239715Z,45.683228,,
2023-12-28T04:04:18.986145Z,45.181084,,
2023-12-28T05:28:31.3930664Z,44.679462,,
2023-12-28T06:58:16.0602722Z,44.17941,,
2023-12-28T07:41:42.6262817Z,43.670345,,
2023-12-28T08:02:51.0565032Z,43.168713,,
2023-12-28T08:24:17.1540222Z,42.659946,,
2023-12-28T08:45:40.0160675Z,42.15273,,
2023-12-28T09:06:54.3839111Z,41.648495,,
2023-12-28T09:28:12.1708984Z,41.14309,,
2023-12-28T09:49:25.3648223Z,40.63911,,
2023-12-28T10:10:37.6289215Z,40.13567,,
2023-12-28T10:31:45.4216461Z,39.633736,,
2023-12-28T10:52:56.7452239Z,39.13134,,
2023-12-28T11:14:21.2092895Z,38.623386,,
2023-12-28T11:35:36.0797729Z,38.11837,,
2023-12-28T12:38:46.4897766Z,37.61766,,
2023-12-28T14:31:21.8387145Z,37.116447,,
2023-12-28T16:23:49.9554901Z,36.61617,,
2023-12-28T18:16:13.6007385Z,36.116043,,
2023-12-28T18:34:12.4315795Z,35.596226,,
2023-12-28T18:42:09.2896118Z,35.076168,,
2023-12-28T18:49:59.8970642Z,34.562515,,
2023-12-28T18:58:00.8693389Z,34.0374,,
2023-12-28T19:05:48.7353057Z,33.527203,,
2023-12-28T19:13:49.3085937Z,33.00253,,
2023-12-28T19:21:47.3167266Z,32.480236,,
2023-12-28T19:29:27.4886322Z,31.977606,,
2023-12-28T19:37:12.6817321Z,31.46938,,
2023-12-28T19:44:55.5372467Z,30.964865,,
2023-12-28T19:52:45.196289Z,30.451927,,
2023-12-28T20:00:40.4692993Z,29.932425,,
2023-12-28T20:08:42.2533264Z,29.406954,,
2023-12-28T20:16:45.9311523Z,28.879395,,
2023-12-28T20:24:24.7306365Z,28.378292,,
2023-12-28T20:32:10.4423828Z,27.868084,,
2023-12-28T20:39:56.3541717Z,27.360376,,
2023-12-28T20:47:57.3144683Z,26.836014,,
2023-12-28T20:55:40.4353942Z,26.330734,,
2023-12-28T21:03:35.8558349Z,25.810013,,
2023-12-28T21:11:15.8487548Z,25.309196,,
2023-12-28T21:19:05.0355682Z,24.796156,,
2023-12-28T21:26:46.3328094Z,24.292635,,
2023-12-28T21:34:34.6967315Z,23.781273,,
2023-12-28T21:42:33.2507171Z,23.25924,,
2023-12-28T21:50:33.6854553Z,22.73422,,
2023-12-28T21:58:25.278717Z,22.219786,,
2023-12-28T22:06:23.8567504Z,21.696629,,
2023-12-28T22:14:04.3248596Z,21.194136,,
2023-12-28T22:22:05.2725372Z,20.66932,,
2023-12-28T22:29:46.9998931Z,20.165134,,
2023-12-28T22:37:40.2389068Z,19.649273,,
2023-12-28T22:45:41.4906768Z,19.123652,,
2023-12-28T22:53:24.8639068Z,18.616964,,
2023-12-28T23:01:11.7135162Z,18.109417,,
2023-12-28T23:08:56.2675628Z,17.600853,,
2023-12-28T23:16:48.2854766Z,17.08488,,
2023-12-28T23:24:30.6899414Z,16.579977,,
2023-12-28T23:32:14.2613677Z,16.07297,,
2023-12-28T23:40:05.51651Z,15.558567,,
2023-12-28T23:48:00.4117431Z,15.041092,,
2023-12-28T23:55:54.1314239Z,14.523542,,
2023-12-29T00:03:37.4097747Z,14.018178,,
2023-12-29T00:11:15.1341094Z,13.517676,,
2023-12-29T00:19:02.8626098Z,13.007091,,
2023-12-29T00:26:42.6842956Z,12.505254,,
2023-12-29T00:34:42.3410491Z,11.981737,,
2023-12-29T00:42:30.4973449Z,11.4716835,,
2023-12-29T00:50:13.589035Z,10.965989,,
2023-12-29T00:58:01.8929138Z,10.453919,,
2023-12-29T01:05:48.5308227Z,9.944382,,
2023-12-29T01:13:44.0883178Z,9.424596,,
2023-12-29T04:44:35.4636688Z,8.924439,,
2023-12-29T05:12:18.1383819Z,8.4192,,
2023-12-29T05:22:13.4043884Z,7.9117813,,
2023-12-29T05:32:14.5378417Z,7.398263,,
2023-12-29T05:42:24.4618988Z,6.880409,,
2023-12-29T05:52:15.1547698Z,6.378037,,
2023-12-29T06:02:03.0192565Z,5.876664,,
2023-12-29T06:12:07.9017181Z,5.362172,,
2023-12-29T06:22:06.0657196Z,4.853257,,
2023-12-29T06:32:03.3558502Z,4.343774,,
2023-12-29T06:41:54.384613Z,3.8406384,,
2023-12-29T11:18:28.8087921Z,4.341388,,
2023-12-29T12:32:48.9540405Z,4.8613577,,
2023-12-29T12:41:22.3526763Z,5.389631,,
2023-12-29T12:49:34.8992156Z,5.897902,,
2023-12-29T12:57:57.8215789Z,6.415337,,
2023-12-29T13:06:02.8992156Z,6.91612,,
2023-12-29T13:14:31.6447601Z,7.43911,,
2023-12-29T13:22:56.0099182Z,7.9591756,,
2023-12-29T13:31:07.1031036Z,8.465681,,
2023-12-29T13:39:19.0055389Z,8.971621,,
2023-12-29T13:47:40.1026458Z,9.487698,,
2023-12-29T13:55:58.1940002Z,10.000513,,
2023-12-29T14:04:16.4620361Z,10.514148,,
2023-12-29T14:12:24.1651306Z,11.018119,,
2023-12-29T14:20:35.4639892Z,11.523501,,
2023-12-29T14:28:48.9908294Z,12.031539,,
2023-12-29T14:36:59.4974822Z,12.537333,,
2023-12-29T14:45:13.9583435Z,13.046691,,
2023-12-29T14:53:33.2327423Z,13.562121,,
2023-12-29T15:01:51.373703Z,14.07546,,
2023-12-29T15:10:12.0006103Z,14.588675,,
2023-12-29T15:18:22.3709716Z,15.095812,,
2023-12-29T15:26:49.0213928Z,15.616782,,
2023-12-29T15:34:57.1123046Z,16.119616,,
2023-12-29T15:43:06.6288757Z,16.624414,,
2023-12-29T15:51:26.0063018Z,17.139544,,
2023-12-29T16:02:07.2714233Z,17.642298,,
2023-12-29T16:14:58.2424468Z,18.148926,,
2023-12-29T16:27:56.5910797Z,18.660187,,
2023-12-29T16:40:47.6505737Z,19.167664,,
2023-12-29T16:53:43.237564Z,19.678476,,
2023-12-29T17:06:38.0698394Z,20.18816,,
2023-12-29T17:19:42.666809Z,20.704407,,
2023-12-29T17:32:36.7390136Z,21.214312,,
2023-12-29T17:45:40.7271118Z,21.72925,,
2023-12-29T17:58:26.8905792Z,22.233875,,
2023-12-29T18:11:18.4483642Z,22.74204,,
2023-12-29T18:24:19.6487121Z,23.25574,,
2023-12-29T18:37:03.8534698Z,23.75895,,
2023-12-29T18:49:50.7840728Z,24.262957,,
2023-12-29T19:02:33.0155944Z,24.765707,,
2023-12-29T19:15:26.0691986Z,25.27429,,
2023-12-29T19:28:24.4817657Z,25.786276,,
2023-12-29T19:41:23.0975341Z,26.298098,,
2023-12-29T19:54:04.3002777Z,26.798805,,
2023-12-29T20:06:44.2481994Z,27.299915,,
2023-12-29T20:19:29.0637054Z,27.802374,,
2023-12-29T20:32:17.9872283Z,28.309214,,
2023-12-29T20:55:33.4818725Z,28.81377,,
2023-12-29T21:20:19.816101Z,29.316647,,
2023-12-29T21:45:14.3037719Z,29.822458,,
2023-12-29T22:10:07.0631713Z,30.327774,,
2023-12-29T22:35:08.34729Z,30.835793,,
2023-12-29T22:59:51.2297058Z,31.33791,,
2023-12-29T23:24:50.5477905Z,31.845312,,
2023-12-29T23:49:50.3309173Z,32.352577,,
2023-12-30T00:14:27.9345855Z,32.85316,,
2023-12-30T01:59:21.2261505Z,33.353596,,
2023-12-30T04:35:01.7957153Z,33.854527,,
2023-12-30T07:10:47.0228729Z,34.355667,,
2023-12-30T08:33:11.2118682Z,34.85726,,
2023-12-30T08:50:34.1597442Z,35.363045,,
2023-12-30T09:08:05.6937408Z,35.872242,,
2023-12-30T09:25:37.6889801Z,36.38178,,
2023-12-30T09:42:57.9871826Z,36.885204,,
2023-12-30T10:00:25.9459075Z,37.39369,,
2023-12-30T10:17:42.5765228Z,37.895084,,
2023-12-30T10:34:59.7164001Z,38.39744,,
2023-12-30T10:52:16.3796081Z,38.899376,,
2023-12-30T11:09:30.0784301Z,39.39988,,
2023-12-30T11:27:02.8035583Z,39.91029,,
2023-12-30T11:44:41.6209259Z,40.422543,,
2023-12-30T12:01:56.5194549Z,40.92462,,
2023-12-30T12:19:11.306427Z,41.42541,,
2023-12-30T13:12:20.6346893Z,40.924297,,
2023-12-30T13:33:16.1170196Z,40.41541,,
2023-12-30T13:54:01.3471221Z,39.910446,,
2023-12-30T14:14:52.464096Z,39.403145,,
2023-12-30T14:35:46.3954315Z,38.894875,,
2023-12-30T14:56:21.1892242Z,38.39401,,
2023-12-30T15:16:56.388031Z,37.893425,,
2023-12-30T15:37:30.299942Z,37.39341,,
2023-12-30T15:58:21.0039215Z,36.88646,,
2023-12-30T16:19:05.6021423Z,36.381542,,
2023-12-30T16:39:55.3945465Z,35.875294,,
2023-12-30T17:00:31.2382965Z,35.373478,,
2023-12-30T17:21:26.7797088Z,34.864975,,
2023-12-30T17:42:20.1023559Z,34.35698,,
2023-12-30T18:03:13.4699249Z,33.849445,,
2023-12-30T18:24:01.568283Z,33.343124,,
2023-12-30T18:45:01.3185272Z,32.83721,,
2023-12-30T19:10:55.9603271Z,32.332905,,
2023-12-30T19:36:43.7450408Z,31.830984,,
2023-12-30T20:02:33.1595001Z,31.328632,,
2023-12-30T20:28:25.0171356Z,30.825417,,
2023-12-30T20:54:21.2950286Z,30.320894,,
2023-12-30T21:20:14.306488Z,29.817574,,
2023-12-30T21:46:02.5761413Z,29.314997,,
2023-12-30T22:11:49.4140777Z,28.813667,,
2023-12-30T22:37:52.464096Z,28.306936,,
2023-12-30T23:03:48.3700256Z,27.802353,,
2023-12-30T23:29:48.992752Z,27.296343,,
2023-12-30T23:55:34.9986114Z,26.794954,,
2023-12-31T01:40:09.6399383Z,27.29839,,
2023-12-31T02:30:19.9407348Z,27.800934,,
2023-12-31T03:20:18.8612976Z,28.301023,,
2023-12-31T04:06:26.5119934Z,28.807146,,
2023-12-31T04:24:26.5774536Z,29.317421,,
2023-12-31T04:42:15.8124389Z,29.82191,,
2023-12-31T05:00:12.5298004Z,30.331276,,
2023-12-31T05:17:55.9158477Z,30.833202,,
2023-12-31T05:35:36.7585296Z,31.334251,,
2023-12-31T05:53:27.8586578Z,31.839853,,
2023-12-31T06:11:24.0354461Z,32.34847,,
2023-12-31T06:29:18.339508Z,32.855896,,
2023-12-31T06:47:15.572174Z,33.364735,,
2023-12-31T07:05:13.3966217Z,33.873703,,
2023-12-31T07:23:14.9105529Z,34.38391,,
2023-12-31T07:41:02.6400451Z,34.888447,,
2023-12-31T07:58:46.5780181Z,35.391273,,
2023-12-31T08:16:37.5019073Z,35.896935,,
2023-12-31T08:34:19.5745697Z,36.399258,,
2023-12-31T08:52:19.7642059Z,36.90854,,
2023-12-31T09:09:58.785324Z,37.40878,,
2023-12-31T09:27:56.8609466Z,37.918144,,
2023-12-31T09:45:39.9849243Z,38.419785,,
2023-12-31T10:03:37.1517639Z,38.928833,,
2023-12-31T10:21:39.743927Z,39.439957,,
2023-12-31T10:39:31.3136138Z,39.94612,,
2023-12-31T11:21:34.6760406Z,39.441856,,
2023-12-31T11:51:34.4656524Z,38.937237,,
2023-12-31T12:21:20.105545Z,38.43683,,
2023-12-31T12:51:08.3255004Z,37.935593,,
2023-12-31T13:20:51.9903411Z,37.435055,,
2023-12-31T13:50:43.7977905Z,36.932537,,
2023-12-31T14:20:47.2515563Z,36.42689,,
2023-12-31T14:43:56.8139953Z,35.923775,,
2023-12-31T15:06:34.2015533Z,35.419754,,
2023-12-31T15:29:03.3041687Z,34.918716,,
2023-12-31T15:51:52.5050354Z,34.41086,,
2023-12-31T16:14:22.739151Z,33.90959,,
2023-12-31T16:36:59.4233551Z,33.406265,,
2023-12-31T16:59:40.1632995Z,32.900887,,
2023-12-31T17:22:23.4678649Z,32.39472,,
2023-12-31T17:44:52.409729Z,31.894306,,
2023-12-31T18:07:40.1492614Z,31.386496,,
2023-12-31T18:30:06.480606Z,30.886425,,
2023-12-31T18:52:40.799942Z,30.384272,,
2023-12-31T23:39:08.3645782Z,29.88424,,
2024-01-01T05:08:25.0850372Z,29.38352,,
2024-01-01T06:32:00.6924285Z,28.88293,,
2024-01-01T07:55:36.0527191Z,28.382406,,
2024-01-01T09:19:09.8761749Z,27.88211,,
2024-01-01T11:54:20.93927Z,28.386112,,
